,MANUAL ID,TRUE POSITIVE,FALSE NEGATIVE,FALSE POSITIVE,PRECISION,RECALL,F1
0,Aburria aburri,17.619297052154195,0.5819954648526078,0.3573922902494331,0.9801,0.968,0.974
1,Accipiter bicolor,3.920907029478458,0.6495238095238095,0.07909297052154195,0.9802,0.8579,0.915
2,Accipiter collaris,12.072290249433106,0.4388662131519274,0.6021768707482993,0.9525,0.9649,0.9587
3,Accipiter poliogaster,20.807278911564627,1.1316326530612246,2.2935600907029476,0.9007,0.9484,0.924
4,Accipiter striatus,3.9551020408163264,0.4354875283446712,0.044897959183673466,0.9888,0.9008,0.9427
5,Accipiter superciliosus,77.3107709750567,1.0139909297052154,2.0381632653061224,0.9743,0.9871,0.9806
6,Actitis macularius,18.12696145124717,1.8345351473922902,6.438843537414966,0.7379,0.9081,0.8142
7,Adelomyia melanogenys,28.136031746031748,2.905827664399093,15.472154195011338,0.6452,0.9064,0.7538
8,Aeronautes montivagus,86.78095238095237,6.689455782312926,5.918798185941044,0.9362,0.9284,0.9323
9,Agamia agami,14.730612244897959,2.240408163265306,19.88390022675737,0.4256,0.868,0.5711
10,Agelasticus cyanopus,1.9873242630385488,0.012675736961451247,1.0247165532879818,0.6598,0.9937,0.793
11,Agelasticus xanthophthalmus,7.969569160997732,0.604920634920635,8.425827664399094,0.4861,0.9295,0.6383
12,Aglaeactis cupripennis,3.3233333333333333,0.23807256235827665,0.44412698412698415,0.8821,0.9332,0.9069
13,Aglaiocercus kingii,11.211315192743765,0.8994104308390023,6.263356009070295,0.6416,0.9257,0.7579
14,Akletos goeldii,26.446190476190473,2.332063492063492,13.342448979591836,0.6647,0.919,0.7714
15,Akletos melanoceps,80.56238095238095,10.633015873015875,12.809659863945578,0.8628,0.8834,0.873
16,Alopochelidon fucata,8.97641723356009,0.642562358276644,0.4189795918367347,0.9554,0.9332,0.9442
17,Amaurolimnas concolor,50.94487528344671,6.251043083900227,3.2259863945578235,0.9404,0.8907,0.9149
18,Amazilia chionogaster,15.213673469387755,2.5548526077097504,19.37832199546485,0.4398,0.8562,0.5811
19,Amazilia viridicauda,8.545691609977323,4.456009070294785,2.012517006802721,0.8094,0.6573,0.7254
20,Amazona aestiva,25.742267573696147,1.9872789115646259,2.219410430839002,0.9206,0.9283,0.9245
21,Amazona amazonica,33.76244897959184,4.73092970521542,7.073696145124716,0.8268,0.8771,0.8512
22,Amazona farinosa,7.982517006802721,1.0282766439909297,3.598888888888889,0.6893,0.8859,0.7753
23,Amazona mercenarius,23.668140589569163,4.566507936507937,8.117301587301586,0.7446,0.8383,0.7887
24,Amazona ochrocephala,65.41972789115647,2.6329478458049884,16.453968253968256,0.799,0.9613,0.8727
25,Amazonetta brasiliensis,7.45546485260771,1.9636961451247166,9.587233560090704,0.4375,0.7915,0.5635
26,Amblycercus holosericeus,89.74482993197279,1.8970748299319726,5.204965986394558,0.9452,0.9793,0.9619
27,Ammodramus aurifrons,21.108503401360544,3.1405668934240367,10.270680272108844,0.6727,0.8705,0.7589
28,Ammodramus humeralis,12.882743764172336,4.01530612244898,5.2194557823129255,0.7117,0.7624,0.7362
29,Ampelioides tschudii,9.531360544217687,1.5598185941043083,4.2929931972789115,0.6895,0.8594,0.7651
30,Ampelion rubrocristatus,1.5896598639455781,0.2679365079365079,0.20104308390022674,0.8877,0.8558,0.8715
31,Anabacerthia ruficaudata,13.67907029478458,0.48607709750566896,0.7627891156462585,0.9472,0.9657,0.9563
32,Anabacerthia striaticollis,44.897891156462585,3.6421995464852603,5.340090702947845,0.8937,0.925,0.9091
33,Anairetes flavirostris,8.170385487528344,0.4195238095238095,0.5970748299319728,0.9319,0.9512,0.9414
34,Anairetes parulus,8.722902494331066,0.4710884353741497,0.9514739229024943,0.9017,0.9488,0.9246
35,Anas flavirostris,6.890612244897959,1.1846258503401361,0.6443083900226758,0.9145,0.8533,0.8828
36,Andigena hypoglauca,52.373401360544214,3.9171428571428573,4.066916099773243,0.9279,0.9304,0.9292
37,Anhima cornuta,47.671768707483,4.979433106575963,12.315691609977323,0.7947,0.9054,0.8465
38,Anhinga anhinga,19.034580498866216,1.4799092970521541,2.7793877551020407,0.8726,0.9279,0.8994
39,Anthracothorax nigricollis,5.1289342403628115,4.073628117913833,2.4525170068027213,0.6765,0.5573,0.6112
40,Anthus lutescens,7.6755102040816325,3.2732426303854876,2.6500907029478458,0.7433,0.701,0.7216
41,Antrostomus sericocaudatus,59.35299319727891,6.524535147392291,11.677913832199547,0.8356,0.901,0.867
42,Ara ararauna,22.635487528344672,3.374013605442177,5.452675736961451,0.8059,0.8703,0.8368
43,Ara chloropterus,18.671496598639457,3.4445578231292515,2.816893424036281,0.8689,0.8443,0.8564
44,Ara macao,57.47253968253968,8.03922902494331,6.983446712018141,0.8917,0.8773,0.8844
45,Ara militaris,34.6178231292517,10.10249433106576,0.8572562358276643,0.9758,0.7741,0.8633
46,Ara severus,41.118798185941046,0.9574603174603175,1.2997732426303856,0.9694,0.9772,0.9733
47,Aramides cajaneus,27.719863945578233,8.511950113378685,31.996802721088436,0.4642,0.7651,0.5778
48,Aramides calopterus,11.811496598639454,0.2866893424036281,0.4676190476190476,0.9619,0.9763,0.9691
49,Aramus guarauna,13.347120181405895,2.7826984126984127,3.048140589569161,0.8141,0.8275,0.8207
50,Aratinga weddellii,34.21290249433107,0.332108843537415,1.446984126984127,0.9594,0.9904,0.9747
51,Ardea alba,12.403628117913833,4.067777777777778,1.022063492063492,0.9239,0.753,0.8298
52,Ardea cocoi,6.608480725623583,0.20705215419501133,2.3450566893424036,0.7381,0.9696,0.8382
53,Arenaria interpres,13.80795918367347,2.5504761904761906,0.5408843537414966,0.9623,0.8441,0.8993
54,Arremon brunneinucha,37.141111111111115,0.8105895691609978,6.1191383219954645,0.8586,0.9786,0.9147
55,Arremon castaneiceps,70.22678004535148,2.3336281179138325,8.052267573696145,0.8971,0.9678,0.9311
56,Arremon taciturnus,24.414489795918367,4.049365079365079,1.0971655328798184,0.957,0.8577,0.9047
57,Arundinicola leucocephala,8.05111111111111,2.0768480725623584,0.8791156462585034,0.9016,0.7949,0.8449
58,Asthenes helleri,33.83195011337869,1.002063492063492,1.7029478458049887,0.9521,0.9712,0.9616
59,Asthenes urubambensis,43.13319727891157,0.8602947845804988,2.8769614512471655,0.9375,0.9804,0.9585
60,Athene cunicularia,17.910725623582763,0.381156462585034,1.5311791383219955,0.9212,0.9792,0.9493
61,Atlapetes canigenis,43.83893424036281,5.603469387755102,3.160975056689342,0.9327,0.8867,0.9091
62,Atlapetes melanolaemus,17.57065759637188,0.5596825396825397,3.414149659863946,0.8373,0.9691,0.8984
63,Atticora fasciata,37.16585034013606,9.494716553287981,21.955555555555556,0.6286,0.7965,0.7027
64,Attila bolivianus,64.30619047619048,21.22743764172336,18.061201814058958,0.7807,0.7518,0.766
65,Attila cinnamomeus,77.7872335600907,4.343424036281179,3.244716553287982,0.96,0.9471,0.9535
66,Attila spadiceus,57.95904761904762,1.7111337868480727,3.733174603174603,0.9395,0.9713,0.9551
67,Aulacorhynchus derbianus,28.237097505668935,3.121451247165533,6.980204081632653,0.8018,0.9005,0.8483
68,Aulacorhynchus prasinus,31.30668934240363,2.972471655328798,3.8562131519274376,0.8903,0.9133,0.9017
69,Automolus infuscatus,39.080226757369616,10.155056689342404,12.757074829931973,0.7539,0.7937,0.7733
70,Automolus melanopezus,26.437142857142856,1.4210204081632654,2.4930839002267575,0.9138,0.949,0.9311
71,Automolus ochrolaemus,18.01342403628118,2.151065759637188,2.1533333333333333,0.8932,0.8933,0.8933
72,Automolus rufipileatus,15.854421768707482,0.374421768707483,3.610294784580499,0.8145,0.9769,0.8884
73,Automolus subulatus,33.60192743764172,3.2997052154195012,9.94156462585034,0.7717,0.9106,0.8354
74,Bartramia longicauda,8.418548752834468,1.1190249433106576,3.3502267573696143,0.7153,0.8827,0.7902
75,Baryphthengus martii,24.53548752834467,11.792108843537417,11.531201814058957,0.6803,0.6754,0.6778
76,Basileuterus tristriatus,28.279478458049887,0.062426303854875284,0.6905215419501134,0.9762,0.9978,0.9869
77,Berlepschia rikeri,23.79814058956916,0.7652380952380952,0.34140589569160995,0.9859,0.9688,0.9773
78,Bolborhynchus lineola,18.005170068027212,0.4158503401360544,1.5234240362811793,0.922,0.9774,0.9489
79,Bolborhynchus orbygnesius,61.7102947845805,1.9087074829931974,8.423718820861678,0.8799,0.97,0.9227
80,Brachygalba albogularis,49.377097505668935,4.510294784580498,3.808956916099773,0.9284,0.9163,0.9223
81,Brotogeris cyanoptera,14.748888888888889,1.3645804988662131,0.2511111111111111,0.9833,0.9153,0.9481
82,Brotogeris sanctithomae,69.598231292517,0.13988662131519275,1.4348979591836735,0.9798,0.998,0.9888
83,Brotogeris versicolurus,31.761496598639454,3.4700680272108846,2.9130385487528345,0.916,0.9015,0.9087
84,Bubo virginianus,1.8969614512471655,0.18024943310657596,0.10303854875283447,0.9485,0.9132,0.9305
85,Bubulcus ibis,22.83514739229025,0.38337868480725623,3.7980952380952377,0.8574,0.9835,0.9161
86,Bucco capensis,22.279727891156462,13.52485260770975,2.8597959183673467,0.8862,0.6223,0.7312
87,Bucco macrodactylus,26.257573696145123,9.702131519274376,6.021587301587302,0.8135,0.7302,0.7696
88,Bucco tamatia,80.09310657596372,14.594308390022675,2.7749886621315194,0.9665,0.8459,0.9022
89,Busarellus nigricollis,30.953038548752836,1.3840589569161,18.940294784580498,0.6204,0.9572,0.7528
90,Buteo albigula,31.63392290249433,1.9543537414965986,2.7614058956916097,0.9197,0.9418,0.9306
91,Buteo albonotatus,17.020498866213153,11.18827664399093,0.8632426303854875,0.9517,0.6034,0.7385
92,Buteo brachyurus,21.10333333333333,1.0222222222222221,7.115306122448979,0.7479,0.9538,0.8384
93,Buteo nitidus,16.31544217687075,5.151587301587301,19.2197052154195,0.4591,0.76,0.5724
94,Buteo platypterus,21.615691609977322,2.4556009070294786,8.430884353741495,0.7194,0.898,0.7988
95,Buteo swainsoni,29.198979591836736,2.717845804988662,9.685328798185942,0.7509,0.9148,0.8248
96,Buteogallus meridionalis,10.556848072562358,1.7051020408163264,6.857573696145124,0.6062,0.8609,0.7115
97,Buteogallus schistaceus,18.93081632653061,0.9581179138321996,19.046145124716553,0.4985,0.9518,0.6543
98,Buteogallus solitarius,19.996485260770974,14.5762358276644,1.4333106575963719,0.9331,0.5784,0.7141
99,Buteogallus urubitinga,29.159342403628116,0.6019501133786848,2.7994331065759637,0.9124,0.9798,0.9449
100,Butorides striata,8.420068027210885,2.5134467120181405,5.28469387755102,0.6144,0.7701,0.6835
101,Cacicus cela,46.371632653061226,2.795374149659864,2.372585034013605,0.9513,0.9431,0.9472
102,Cacicus chrysonotus,91.48324263038549,5.247256235827664,8.038072562358277,0.9192,0.9458,0.9323
103,Cacicus haemorrhous,10.142857142857142,1.7087301587301587,3.3250113378684807,0.7531,0.8558,0.8012
104,Cacicus koepckeae,13.60061224489796,3.4141269841269843,8.771519274376416,0.6079,0.7993,0.6906
105,Cacicus oseryi,16.320453514739228,1.1105442176870748,1.656326530612245,0.9079,0.9363,0.9219
106,Cacicus solitarius,8.31845804988662,0.6568934240362811,4.353718820861678,0.6564,0.9268,0.7685
107,Calidris alba,10.30904761904762,3.2491836734693877,2.8403174603174604,0.784,0.7604,0.772
108,Calidris bairdii,72.65138321995464,4.231201814058958,18.860385487528344,0.7939,0.945,0.8629
109,Calidris fuscicollis,56.40081632653062,10.196984126984127,8.087573696145125,0.8746,0.8469,0.8605
110,Calidris himantopus,57.96802721088436,10.19204081632653,17.35827664399093,0.7696,0.8505,0.808
111,Calidris melanotos,9.039410430839002,1.6044444444444446,5.888548752834467,0.6055,0.8493,0.707
112,Calidris pusilla,14.226326530612244,3.041814058956916,7.3783219954648525,0.6585,0.8238,0.7319
113,Calidris subruficollis,1.4457369614512472,1.4388208616780045,1.4795691609977326,0.4942,0.5012,0.4977
114,Calliphlox amethystina,8.891451247165532,1.5080725623582767,0.2946485260770975,0.9679,0.855,0.908
115,Campephilus haematogaster,5.066417233560091,0.040997732426303855,7.421995464852608,0.4057,0.992,0.5759
116,Campephilus melanoleucos,43.78675736961451,2.9305895691609978,6.0456235827664395,0.8787,0.9373,0.907
117,Campephilus rubricollis,15.951678004535147,0.6820408163265306,45.911700680272105,0.2579,0.959,0.4064
118,Camptostoma obsoletum,6.7159410430839,6.374965986394558,4.144580498866214,0.6184,0.513,0.5608
119,Campylopterus largipennis,11.576077097505669,4.515419501133787,4.984943310657596,0.699,0.7194,0.709
120,Campylorhamphus trochilirostris,35.47163265306123,1.6684807256235827,7.385646258503401,0.8277,0.9551,0.8868
121,Campylorhynchus turdinus,10.41859410430839,1.1462358276643991,2.4185714285714286,0.8116,0.9009,0.8539
122,Cantorchilus leucotis,23.77764172335601,4.191315192743764,2.3247845804988665,0.9109,0.8501,0.8795
123,Capito auratus,125.55063492063492,18.923061224489796,10.364036281179139,0.9237,0.869,0.8955
124,Capsiempis flaveola,7.037392290249433,7.393968253968254,0.6137868480725623,0.9198,0.4876,0.6374
125,Caracara plancus,31.380725623582766,1.6146031746031744,5.337959183673469,0.8546,0.9511,0.9003
126,Cardellina canadensis,21.151360544217685,4.778299319727891,3.5927437641723357,0.8548,0.8157,0.8348
127,Casiornis rufus,7.118049886621315,0.21387755102040815,13.796553287981858,0.3403,0.9708,0.504
128,Catamblyrhynchus diadema,67.01353741496598,7.72780045351474,11.405192743764172,0.8546,0.8966,0.8751
129,Catamenia homochroa,65.84138321995465,25.766213151927435,7.544784580498865,0.8972,0.7187,0.7981
130,Catamenia inornata,23.51419501133787,0.33396825396825397,0.671814058956916,0.9722,0.986,0.9791
131,Cathartes aura,1.866281179138322,129.41489795918366,0.11047619047619048,0.9441,0.0142,0.028
132,Catharus dryas,24.404965986394558,13.63358276643991,3.3001133786848076,0.8809,0.6416,0.7424
133,Catharus fuscater,35.46487528344671,16.47503401360544,3.833446712018141,0.9025,0.6828,0.7774
134,Catharus fuscescens,54.5249433106576,1.6578231292517007,3.637823129251701,0.9375,0.9705,0.9537
135,Catharus minimus,56.24448979591837,10.77485260770975,1.7787528344671202,0.9693,0.8392,0.8996
136,Catharus ustulatus,9.356190476190477,0.36351473922902494,0.5043537414965986,0.9489,0.9626,0.9557
137,Celeus elegans,6.166145124716554,0.11276643990929705,2.806643990929705,0.6872,0.982,0.8086
138,Celeus flavus,25.585827664399094,2.8021315192743765,3.6234920634920633,0.8759,0.9013,0.8884
139,Celeus grammicus,33.44337868480726,2.7373469387755103,11.02342403628118,0.7521,0.9243,0.8294
140,Celeus spectabilis,10.641201814058958,0.3687981859410431,0.4983219954648526,0.9553,0.9665,0.9609
141,Celeus torquatus,16.794603174603175,12.116507936507936,7.205419501133787,0.6998,0.5809,0.6348
142,Cephalopterus ornatus,1.5579818594104309,1.0447165532879819,0.9768707482993197,0.6146,0.5986,0.6065
143,Ceratopipra chloromeros,9.888639455782313,0.8920634920634921,1.0881179138321997,0.9009,0.9173,0.909
144,Ceratopipra rubrocapilla,16.585396825396828,6.115306122448979,7.070748299319728,0.7011,0.7306,0.7156
145,Cercomacra cinerascens,16.34467120181406,0.6787755102040817,2.329750566893424,0.8752,0.9601,0.9157
146,Cercomacra manu,60.345170068027215,4.624467120181406,19.660997732426303,0.7543,0.9288,0.8325
147,Cercomacroides fuscicauda,15.145238095238096,2.1260544217687074,4.797573696145125,0.7594,0.8769,0.814
148,Cercomacroides nigrescens,22.931700680272108,0.449297052154195,5.998571428571428,0.7927,0.9808,0.8767
149,Cercomacroides serva,58.20879818594104,13.029183673469388,7.721746031746031,0.8829,0.8171,0.8487
150,Certhiaxis cinnamomeus,34.57839002267574,7.778843537414966,2.8278911564625853,0.9244,0.8164,0.867
151,Chaetocercus mulsant,1.071156462585034,0.05333333333333334,6.089206349206349,0.1496,0.9526,0.2586
152,Chaetura brachyura,34.2771201814059,1.5246485260770974,1.7693877551020405,0.9509,0.9574,0.9542
153,Chaetura cinereiventris,42.507392290249435,5.223061224489796,4.325306122448979,0.9076,0.8906,0.899
154,Chaetura egregia,4.3454875283446714,0.48918367346938774,1.2121315192743765,0.7819,0.8988,0.8363
155,Chaetura pelagica,54.158684807256236,110.92015873015875,1.5644444444444443,0.9719,0.3281,0.4906
156,Chaetura viridipennis,2.5185714285714287,0.5309297052154195,1.5640362811791384,0.6169,0.8259,0.7063
157,Chamaepetes goudotii,76.9153514739229,3.6344671201814056,8.307596371882086,0.9025,0.9549,0.928
158,Chamaeza campanisona,48.332902494331066,0.24759637188208616,11.271746031746032,0.8109,0.9949,0.8935
159,Chamaeza nobilis,21.691791383219954,1.004625850340136,0.6570521541950114,0.9706,0.9557,0.9631
160,Charadrius collaris,21.719501133786853,1.0790702947845805,2.418390022675737,0.8998,0.9527,0.9255
161,Chauna torquata,6.294172335600908,0.09551020408163265,9.429909297052154,0.4003,0.9851,0.5693
162,Chelidoptera tenebrosa,26.36496598639456,0.5094784580498867,1.3730839002267574,0.9505,0.981,0.9655
163,Chiroxiphia boliviana,28.44421768707483,5.479750566893424,3.695419501133787,0.885,0.8385,0.8611
164,Chiroxiphia pareola,4.235396825396825,3.7860090702947846,33.66956916099773,0.1117,0.528,0.1844
165,Chlorestes notata,130.03750566893424,23.873197278911565,6.132539682539683,0.955,0.8449,0.8966
166,Chloroceryle aenea,21.31190476190476,4.291451247165534,10.404263038548752,0.672,0.8324,0.7436
167,Chloroceryle amazona,25.20514739229025,2.1925396825396826,9.264671201814059,0.7312,0.92,0.8148
168,Chloroceryle americana,22.953061224489794,1.8037641723356008,13.137732426303856,0.636,0.9271,0.7544
169,Chloroceryle inda,3.2008390022675735,0.8312698412698413,0.3572789115646259,0.8996,0.7938,0.8434
170,Chlorochrysa calliparaea,26.623990929705215,8.995215419501134,2.2829931972789117,0.921,0.7475,0.8252
171,Chlorophanes spiza,25.715827664399093,2.157596371882086,4.150680272108843,0.861,0.9226,0.8907
172,Chlorophonia cyanea,10.915056689342403,1.6469160997732426,4.0390249433106575,0.7299,0.8689,0.7934
173,Chloropipo unicolor,8.291337868480726,0.16514739229024944,5.104036281179138,0.619,0.9805,0.7589
174,Chlorospingus canigularis,40.50469387755103,14.824739229024942,3.2123809523809523,0.9265,0.7321,0.8179
175,Chlorospingus flavigularis,29.067687074829934,3.2895238095238097,7.689750566893424,0.7908,0.8983,0.8411
176,Chlorospingus flavopectus,52.12510204081633,12.894263038548752,11.991043083900227,0.813,0.8017,0.8073
177,Chlorospingus parvirostris,21.315759637188208,0.4224943310657596,1.5785714285714285,0.931,0.9806,0.9552
178,Chlorostilbon mellisugus,3.3328798185941046,1.2139909297052154,5.108934240362811,0.3948,0.733,0.5132
179,Chlorothraupis carmioli,20.355396825396827,1.584671201814059,1.962063492063492,0.9121,0.9278,0.9199
180,Chondrohierax uncinatus,10.03668934240363,0.3462358276643991,1.4517006802721089,0.8736,0.9667,0.9178
181,Chordeiles minor,9.727936507936509,2.532857142857143,2.0162358276643992,0.8283,0.7934,0.8105
182,Chordeiles nacunda,0.47129251700680275,0.0,1.5752154195011339,0.2303,1.0,0.3744
183,Chordeiles rupestris,23.840839002267575,0.6025623582766441,1.4382312925170067,0.9431,0.9753,0.959
184,Chroicocephalus serranus,32.59925170068027,1.6712698412698415,2.5170294784580496,0.9283,0.9512,0.9396
185,Chrysuronia oenone,28.667029478458048,0.4032199546485261,2.08984126984127,0.9321,0.9861,0.9583
186,Ciconia maguari,2.3922902494331066,0.19308390022675737,0.3984126984126984,0.8572,0.9253,0.89
187,Cinclodes albiventris,18.244829931972788,6.3028798185941035,1.639047619047619,0.9176,0.7432,0.8213
188,Cinnycerthia fulva,59.917414965986396,4.908662131519275,12.617573696145126,0.826,0.9243,0.8724
189,Circus cinereus,27.653174603174605,3.867709750566893,2.6258503401360542,0.9133,0.8773,0.8949
190,Cissopis leverianus,17.488072562358276,4.6591156462585035,1.9073242630385487,0.9017,0.7896,0.8419
191,Claravis pretiosa,4.939070294784581,0.32006802721088434,0.9799092970521542,0.8344,0.9391,0.8837
192,Clibanornis rubiginosus,63.918117913832205,42.82367346938776,10.235668934240362,0.862,0.5988,0.7067
193,Cnemotriccus fuscatus,10.919659863945578,3.609024943310658,0.3361904761904762,0.9701,0.7516,0.847
194,Cnipodectes subbrunneus,22.811950113378686,1.9279365079365078,2.0950113378684807,0.9159,0.9221,0.919
195,Cnipodectes superrufus,11.416984126984127,10.830975056689342,2.1412244897959183,0.8421,0.5132,0.6377
196,Coccycua cinerea,21.118253968253967,0.9661451247165533,1.8585034013605441,0.9191,0.9563,0.9373
197,Coccycua minuta,5.115668934240363,0.9454421768707483,5.121972789115647,0.4997,0.844,0.6277
198,Coccyzus americanus,14.197392290249432,1.1232426303854877,0.40727891156462587,0.9721,0.9267,0.9489
199,Coccyzus erythropthalmus,79.24612244897959,9.8718820861678,12.206258503401362,0.8665,0.8892,0.8777
200,Coccyzus melacoryphus,3.0000226757369615,3.3646712018140588,0.39537414965986395,0.8836,0.4714,0.6148
201,Cochlearius cochlearius,20.372199546485263,9.697369614512473,2.7728344671201812,0.8802,0.6775,0.7657
202,Coeligena coeligena,39.5134693877551,15.935578231292517,8.684648526077098,0.8198,0.7126,0.7625
203,Coereba flaveola,27.381337868480728,10.578888888888889,2.3926077097505667,0.9196,0.7213,0.8085
204,Colaptes punctigula,11.930068027210885,1.5365532879818593,0.06993197278911564,0.9942,0.8859,0.9369
205,Colaptes rivolii,20.258956916099773,0.9204308390022675,3.410204081632653,0.8559,0.9565,0.9034
206,Colaptes rubiginosus,37.34478458049887,1.9811337868480725,3.9268480725623585,0.9049,0.9496,0.9267
207,Colaptes rupicola,6.451836734693877,0.9659410430839003,0.7108843537414966,0.9008,0.8698,0.885
208,Colibri cyanotus,3.8837414965986397,4.774467120181406,0.0,1.0,0.4486,0.6193
209,Colibri delphinae,134.50934240362812,29.966530612244895,10.707097505668933,0.9263,0.8178,0.8687
210,Colonia colonus,6.752675736961452,3.825260770975057,1.5728798185941042,0.8111,0.6384,0.7144
211,Columba livia,17.51167800453515,6.138163265306122,1.5348979591836736,0.9194,0.7405,0.8203
212,Columbina picui,18.611972789115644,1.2843083900226757,16.93877551020408,0.5235,0.9354,0.6713
213,Columbina talpacoti,3.4577097505668934,1.7226530612244897,2.565578231292517,0.5741,0.6675,0.6172
214,Conioptilon mcilhennyi,17.625555555555557,3.003401360544218,0.5837868480725623,0.9679,0.8544,0.9076
215,Conirostrum albifrons,9.871768707482994,1.7521088435374148,2.458639455782313,0.8006,0.8493,0.8242
216,Conirostrum ferrugineiventre,10.695283446712018,4.395215419501134,1.3544217687074829,0.8876,0.7087,0.7882
217,Conirostrum speciosum,33.09718820861678,1.56562358276644,4.289637188208617,0.8853,0.9548,0.9187
218,Conopias cinchoneti,5.9438775510204085,0.302312925170068,1.0096145124716553,0.8548,0.9516,0.9006
219,Conopias trivirgatus,23.209319727891156,9.853401360544218,4.674489795918367,0.8324,0.702,0.7616
220,Conopophaga ardesiaca,13.294580498866212,0.4613605442176871,0.8217233560090703,0.9418,0.9665,0.954
221,Conopophaga peruviana,13.894761904761904,7.4957369614512475,0.8959410430839002,0.9394,0.6496,0.7681
222,Conothraupis speculigera,4.762312925170068,0.4044671201814059,0.0981859410430839,0.9798,0.9217,0.9499
223,Contopus cinereus,16.901814058956916,0.3172108843537415,1.0284807256235828,0.9426,0.9816,0.9617
224,Contopus cooperi,23.639342403628117,3.876643990929705,17.75609977324263,0.5711,0.8591,0.6861
225,Contopus fumigatus,9.249954648526078,0.6279365079365079,4.122154195011338,0.6917,0.9364,0.7957
226,Contopus nigrescens,29.415555555555557,7.302630385487528,16.592879818594103,0.6394,0.8011,0.7112
227,Contopus sordidulus,6.897482993197279,0.18151927437641724,0.9133333333333333,0.8831,0.9744,0.9265
228,Contopus virens,55.90036281179138,3.063628117913832,2.9388208616780043,0.9501,0.948,0.949
229,Coragyps atratus,5.853015873015873,0.8365079365079365,0.24,0.9606,0.875,0.9158
230,Coryphaspiza melanotis,2.096825396825397,0.8331746031746031,0.2287528344671202,0.9016,0.7156,0.7979
231,Corythopis torquatus,12.096984126984127,6.3225396825396825,0.06580498866213152,0.9946,0.6567,0.7911
232,Cotinga cayana,0.48859410430839,0.0,5.506485260770975,0.0815,1.0,0.1507
233,Cotinga maynana,1.9706122448979593,0.2507936507936508,3.1448526077097507,0.3852,0.8871,0.5372
234,Cranioleuca curtata,30.836825396825397,1.812267573696145,5.366054421768707,0.8518,0.9445,0.8957
235,Cranioleuca gutturata,64.32873015873015,13.594671201814059,7.430272108843537,0.8965,0.8255,0.8595
236,Cranioleuca marcapatae,70.49907029478459,15.095034013605444,14.269909297052154,0.8317,0.8236,0.8276
237,Crax globulosa,10.861859410430839,0.33702947845804987,0.23117913832199546,0.9792,0.9699,0.9745
238,Creurgops dentatus,5.932789115646258,1.9380272108843537,14.996167800453515,0.2835,0.7538,0.412
239,Crotophaga ani,28.876326530612246,6.761632653061225,2.518956916099773,0.9198,0.8103,0.8616
240,Crotophaga major,9.002380952380953,0.28741496598639454,78.71854875283447,0.1026,0.9691,0.1856
241,Cryptopipo holochlora,13.819886621315193,0.5480725623582766,1.2731292517006803,0.9156,0.9619,0.9382
242,Crypturellus atrocapillus,1.3411111111111111,0.18909297052154195,4.007800453514739,0.2507,0.8764,0.3899
243,Crypturellus bartletti,19.14551020408163,3.399160997732426,1.5521995464852607,0.925,0.8492,0.8855
244,Crypturellus cinereus,59.25430839002268,13.756031746031745,4.5567573696145125,0.9286,0.8116,0.8662
245,Crypturellus obsoletus,24.112244897959183,3.0153514739229026,4.724943310657596,0.8362,0.8888,0.8617
246,Crypturellus parvirostris,33.84800453514739,6.092154195011338,6.942789115646258,0.8298,0.8475,0.8385
247,Crypturellus soui,43.647301587301584,15.580022675736961,4.931496598639455,0.8985,0.7369,0.8097
248,Crypturellus strigulosus,29.567596371882086,9.593469387755102,0.7115419501133787,0.9765,0.755,0.8516
249,Crypturellus undulatus,17.66344671201814,0.38884353741496597,0.38308390022675737,0.9788,0.9785,0.9786
250,Cyanerpes caeruleus,23.662222222222223,2.4786621315192745,6.642448979591837,0.7808,0.9052,0.8384
251,Cyanerpes cyaneus,8.233968253968253,7.3297278911564625,0.5335147392290249,0.9391,0.529,0.6768
252,Cyanerpes nitidus,15.520249433106574,4.791269841269841,6.883582766439909,0.6927,0.7641,0.7267
253,Cyanocorax cyanomelas,46.61027210884353,9.662471655328797,4.271587301587301,0.916,0.8283,0.87
254,Cyanocorax violaceus,51.142426303854876,8.808004535147392,7.76453514739229,0.8682,0.8531,0.8606
255,Cyanocorax yncas,20.304897959183673,2.354285714285714,9.074467120181406,0.6911,0.8961,0.7804
256,Cyanolyca viridicyanus,6.002585034013605,0.0,4.974172335600907,0.5468,1.0,0.707
257,Cyclarhis gujanensis,47.75199546485261,4.23827664399093,2.3929478458049886,0.9523,0.9185,0.9351
258,Cymbilaimus lineatus,71.3532426303855,9.18528344671202,1.3444444444444446,0.9815,0.886,0.9313
259,Cymbilaimus sanctaemariae,67.70743764172335,1.355328798185941,5.404104308390023,0.9261,0.9804,0.9525
260,Cyphorhinus arada,8.24424036281179,12.810272108843538,1.8478231292517007,0.8169,0.3916,0.5294
261,Cypseloides lemosi,9.922630385487528,0.2070748299319728,1.3546031746031746,0.8799,0.9796,0.927
262,Dacnis cayana,16.34537414965986,1.4924036281179138,2.4221768707482996,0.8709,0.9163,0.8931
263,Dacnis flaviventer,1.4186167800453515,0.36160997732426303,0.0,1.0,0.7969,0.887
264,Dacnis lineata,17.48061224489796,16.99390022675737,4.845011337868481,0.783,0.5071,0.6155
265,Daptrius ater,44.447913832199546,7.661519274376418,13.03482993197279,0.7732,0.853,0.8112
266,Deconychura longicauda,34.44571428571429,0.5097732426303855,8.089183673469387,0.8098,0.9854,0.889
267,Dendrexetastes rufigula,31.672539682539682,2.117641723356009,18.18798185941043,0.6352,0.9373,0.7573
268,Dendrocincla fuliginosa,13.97092970521542,0.833718820861678,8.755963718820862,0.6147,0.9437,0.7445
269,Dendrocincla merula,2.8416780045351473,1.3178004535147392,1.3908843537414965,0.6714,0.6832,0.6772
270,Dendrocolaptes certhia,43.04687074829932,15.220657596371883,15.55562358276644,0.7346,0.7388,0.7367
271,Dendrocolaptes picumnus,50.770816326530614,0.41714285714285715,1.930997732426304,0.9634,0.9919,0.9774
272,Dendrocygna autumnalis,3.398344671201814,1.1529478458049887,0.5551473922902495,0.8596,0.7467,0.7992
273,Dendrocygna bicolor,3.200113378684807,0.0,10.381315192743765,0.2356,1.0,0.3814
274,Dendroplex picus,17.462312925170068,1.697233560090703,1.0650566893424036,0.9425,0.9114,0.9267
275,Dichrozona cincta,48.215328798185936,10.694965986394559,3.1799546485260772,0.9381,0.8185,0.8742
276,Diglossa brunneiventris,25.98074829931973,0.9014512471655329,2.6892290249433106,0.9062,0.9665,0.9354
277,Diglossa caerulescens,5.325555555555556,3.2334467120181407,0.0,1.0,0.6222,0.7671
278,Diglossa glauca,53.834058956916095,0.6501360544217687,1.747437641723356,0.9686,0.9881,0.9782
279,Diopsittaca nobilis,45.26009070294785,9.763378684807256,3.786417233560091,0.9228,0.8226,0.8698
280,Discosura langsdorffi,8.037165532879818,1.3703401360544218,3.102448979591837,0.7215,0.8543,0.7823
281,Discosura popelairii,3.1980045351473922,0.7853968253968254,0.6159410430839003,0.8385,0.8028,0.8203
282,Dolichonyx oryzivorus,11.756326530612245,0.21505668934240363,0.05761904761904762,0.9951,0.982,0.9885
283,Donacobius atricapilla,66.79040816326531,4.032403628117914,5.6748299319727895,0.9217,0.9431,0.9323
284,Doryfera johannae,22.714716553287982,14.531519274376418,7.3984126984127,0.7543,0.6099,0.6744
285,Doryfera ludovicae,7.341609977324263,0.6400907029478458,2.841133786848072,0.721,0.9198,0.8083
286,Dromococcyx phasianellus,14.280702947845803,2.8883219954648527,0.7057596371882086,0.9529,0.8318,0.8882
287,Drymophila devillei,56.8056462585034,0.9699546485260772,4.426938775510204,0.9277,0.9832,0.9547
288,Drymophila striaticeps,25.117891156462584,2.6325396825396825,2.602426303854875,0.9061,0.9051,0.9056
289,Dryocopus lineatus,31.203219954648528,24.197913832199546,12.057324263038549,0.7213,0.5632,0.6325
290,Dubusia taeniata,14.376281179138322,0.672312925170068,0.6098639455782313,0.9593,0.9553,0.9573
291,Dysithamnus mentalis,2.069795918367347,5.260090702947846,0.534875283446712,0.7946,0.2824,0.4167
292,Egretta caerulea,10.700544217687074,1.706077097505669,1.6019047619047617,0.8698,0.8625,0.8661
293,Egretta thula,3.6564852607709755,0.0,3.0971655328798184,0.5414,1.0,0.7025
294,Elaenia albiceps,19.921836734693876,11.577596371882088,5.4564172335600905,0.785,0.6325,0.7005
295,Elaenia chiriquensis,9.046258503401361,8.063809523809525,3.5817460317460315,0.7164,0.5287,0.6084
296,Elaenia cristata,4.038548752834467,0.5419727891156463,0.9846938775510204,0.804,0.8817,0.841
297,Elaenia gigas,0.7327437641723356,0.015328798185941043,0.12773242630385487,0.8516,0.9795,0.9111
298,Elaenia pallatangae,6.551201814058957,1.0678004535147392,3.557596371882086,0.6481,0.8599,0.7391
299,Elaenia parvirostris,8.488480725623582,2.9325623582766442,7.452108843537415,0.5325,0.7432,0.6205
300,Elaenia spectabilis,4.377165532879818,0.40240362811791386,0.27401360544217684,0.9411,0.9158,0.9283
301,Elanoides forficatus,8.107414965986395,0.0373015873015873,0.6367800453514739,0.9272,0.9954,0.9601
302,Elanus leucurus,41.31115646258503,8.623832199546484,8.549433106575965,0.8285,0.8273,0.8279
303,Electron platyrhynchum,11.256213151927437,2.0046485260770974,1.5340362811791384,0.8801,0.8488,0.8642
304,Emberizoides herbicola,28.125419501133788,4.241315192743764,2.6667573696145124,0.9134,0.869,0.8906
305,Empidonax alnorum,1.80843537414966,0.6808163265306122,0.005510204081632653,0.997,0.7265,0.8405
306,Empidonomus varius,13.098548752834468,8.874965986394558,4.947936507936508,0.7258,0.5961,0.6546
307,Entomodestes leucotis,8.75814058956916,1.5129478458049885,3.6605215419501134,0.7052,0.8527,0.772
308,Epinecrophylla amazonica,26.663038548752837,11.6556462585034,3.546326530612245,0.8826,0.6958,0.7782
309,Epinecrophylla erythrura,38.18473922902494,16.291700680272108,0.8429705215419502,0.9784,0.7009,0.8167
310,Epinecrophylla haematonota,20.56514739229025,7.0147392290249435,1.8128798185941042,0.919,0.7457,0.8233
311,Epinecrophylla leucophthalma,12.706643990929706,0.403265306122449,0.7119501133786849,0.9469,0.9692,0.958
312,Epinecrophylla ornata,21.835963718820864,2.4143537414965985,4.616009070294784,0.8255,0.9004,0.8613
313,Eubucco richardsoni,7.3992517006802725,0.08770975056689342,6.129229024943311,0.5469,0.9883,0.7042
314,Eubucco tucinkae,14.043242630385487,0.12210884353741497,0.3986621315192744,0.9724,0.9914,0.9818
315,Euchrepomis callinota,7.463151927437642,2.0565532879818593,1.5368253968253969,0.8292,0.784,0.806
316,Euchrepomis humeralis,39.32879818594105,14.77875283446712,3.774399092970522,0.9124,0.7269,0.8091
317,Eucometis penicillata,16.414104308390023,1.9115192743764173,0.42308390022675735,0.9749,0.8957,0.9336
318,Eupetomena macroura,11.520430839002268,4.075918367346939,4.670453514739229,0.7115,0.7387,0.7248
319,Euphonia chlorotica,27.582154195011338,10.890226757369614,5.183197278911565,0.8418,0.7169,0.7744
320,Euphonia chrysopasta,21.986349206349207,7.9581179138322,5.827619047619048,0.7905,0.7342,0.7613
321,Euphonia cyanocephala,14.719637188208615,0.376281179138322,0.9082312925170068,0.9419,0.9751,0.9582
322,Euphonia laniirostris,43.00732426303855,1.8593877551020406,2.9695238095238095,0.9354,0.9586,0.9468
323,Euphonia mesochrysa,20.71374149659864,11.773945578231293,5.472358276643991,0.791,0.6376,0.7061
324,Euphonia rufiventris,17.492630385487526,3.017528344671202,1.786439909297052,0.9073,0.8529,0.8793
325,Euphonia xanthogaster,2.566326530612245,0.19315192743764173,0.8418367346938775,0.753,0.93,0.8322
326,Eupsittula aurea,29.562131519274374,1.9012244897959183,2.169047619047619,0.9316,0.9396,0.9356
327,Eurypyga helias,6.045555555555556,2.113424036281179,0.8645578231292517,0.8749,0.741,0.8024
328,Euscarthmus meloryphus,8.363514739229025,0.6363038548752834,4.683061224489796,0.6411,0.9293,0.7587
329,Eutoxeres condamini,58.27095238095238,0.46811791383219953,2.45,0.9597,0.992,0.9756
330,Falco deiroleucus,18.472721088435375,4.7831746031746025,1.1087755102040817,0.9434,0.7943,0.8625
331,Falco femoralis,39.65589569160998,5.922721088435374,42.81786848072563,0.4808,0.8701,0.6194
332,Falco peregrinus,19.870453514739232,1.8838775510204082,1.0694104308390022,0.9489,0.9134,0.9308
333,Falco rufigularis,31.168662131519273,0.38755102040816325,0.41272108843537414,0.9869,0.9877,0.9873
334,Falco sparverius,55.53541950113379,14.16092970521542,3.627437641723356,0.9387,0.7968,0.862
335,Florisuga mellivora,1.550090702947846,0.3098185941043084,0.2638548752834467,0.8545,0.8334,0.8438
336,Fluvicola albiventer,4.163015873015873,1.1252607709750566,6.273469387755102,0.3989,0.7872,0.5295
337,Formicarius analis,3.6510204081632653,0.05,2.3933333333333335,0.604,0.9865,0.7493
338,Formicarius colma,14.289455782312926,0.2786621315192744,0.43145124716553285,0.9707,0.9809,0.9758
339,Formicarius rufifrons,34.803560090702945,2.7961224489795917,2.801043083900227,0.9255,0.9256,0.9256
340,Formicarius rufipectus,3.213560090702948,0.02122448979591837,2.98297052154195,0.5186,0.9934,0.6815
341,Formicivora rufa,26.8278231292517,1.1124263038548752,1.8258503401360544,0.9363,0.9602,0.9481
342,Forpus modestus,11.320113378684807,0.7807936507936508,0.49387755102040815,0.9582,0.9355,0.9467
343,Forpus xanthopterygius,52.37297052154195,4.219002267573696,10.350362811791385,0.835,0.9254,0.8779
344,Furnarius leucopus,25.845374149659865,1.5544671201814058,3.3772562358276645,0.8844,0.9433,0.9129
345,Galbalcyrhynchus purusianus,22.60544217687075,29.094739229024945,2.55734693877551,0.8984,0.4372,0.5882
346,Galbula cyanescens,4.715600907029478,0.22360544217687076,1.0518367346938775,0.8176,0.9547,0.8809
347,Galbula cyanicollis,15.196167800453514,0.11993197278911566,0.7931519274376417,0.9504,0.9922,0.9708
348,Galbula dea,15.058367346938775,4.160612244897959,2.383514739229025,0.8633,0.7835,0.8215
349,Galbula leucogastra,49.10045351473923,1.1889795918367345,2.2019274376417233,0.9571,0.9764,0.9666
350,Gallinago paraguaiae,4.344580498866213,1.6600226757369614,1.306689342403628,0.7688,0.7235,0.7455
351,Gallinula galeata,3.7122902494331065,0.2038095238095238,0.03188208616780045,0.9915,0.948,0.9692
352,Gampsonyx swainsonii,18.91251700680272,0.046507936507936505,0.4130839002267574,0.9786,0.9975,0.988
353,Geothlypis aequinoctialis,178.61702947845805,14.226371882086166,6.010861678004535,0.9674,0.9262,0.9464
354,Geotrygon montana,4.158072562358277,8.151065759637188,4.772403628117914,0.4656,0.3378,0.3915
355,Geotrygon saphirina,34.696666666666665,0.970249433106576,1.6572562358276643,0.9544,0.9728,0.9635
356,Geotrygon violacea,11.205850340136054,0.9724489795918367,0.8406802721088436,0.9302,0.9201,0.9252
357,Geranoaetus albicaudatus,1.3489795918367347,0.0,0.6510204081632653,0.6745,1.0,0.8056
358,Geranospiza caerulescens,9.421133786848072,0.9409297052154195,3.9193197278911565,0.7062,0.9092,0.7949
359,Glaucidium brasilianum,29.42766439909297,2.847823129251701,2.342857142857143,0.9263,0.9118,0.919
360,Glaucidium parkeri,22.717074829931974,1.152517006802721,0.8178004535147392,0.9653,0.9517,0.9584
361,Glaucis hirsutus,7.789614512471656,0.0,0.9514058956916099,0.8912,1.0,0.9424
362,Glyphorynchus spirurus,9.638662131519274,0.829546485260771,5.565532879818594,0.6339,0.9208,0.7509
363,Gnorimopsar chopi,10.078752834467121,1.3091383219954649,1.0607709750566894,0.9048,0.885,0.8948
364,Grallaria eludens,31.88886621315193,23.05138321995465,2.6637868480725624,0.9229,0.5804,0.7127
365,Grallaria erythroleuca,7.681655328798186,1.0586621315192744,0.8532653061224489,0.9,0.8789,0.8893
366,Grallaria guatimalensis,5.9221768707483,4.370702947845805,21.566281179138322,0.2154,0.5754,0.3135
367,Grallaricula flavirostris,2.7228798185941043,1.2568253968253968,0.5096371882086168,0.8423,0.6842,0.7551
368,Grallaricula leymebambae,40.77471655328799,3.303242630385488,1.7175510204081632,0.9596,0.9251,0.942
369,Gymnomystax mexicanus,12.619387755102041,15.156167800453515,2.5434240362811793,0.8323,0.4543,0.5878
370,Habia rubica,7.425986394557823,1.0285260770975058,3.271700680272109,0.6942,0.8783,0.7755
371,Hafferia fortis,81.12244897959184,6.6742176870748295,1.365986394557823,0.9834,0.924,0.9528
372,Haplophaedia assimilis,12.706145124716553,1.9697732426303856,1.9217233560090703,0.8686,0.8658,0.8672
373,Haplospiza rustica,56.79970521541951,10.92154195011338,4.099614512471655,0.9327,0.8387,0.8832
374,Harpagus bidentatus,19.243469387755102,1.9282539682539683,1.361201814058957,0.9339,0.9089,0.9213
375,Harpia harpyja,16.360589569160997,0.5978458049886621,0.6161451247165532,0.9637,0.9647,0.9642
376,Helicolestes hamatus,47.169387755102036,5.609455782312925,11.690997732426304,0.8014,0.8937,0.845
377,Heliodoxa aurescens,38.071768707482995,3.1557596371882086,7.5672562358276645,0.8342,0.9235,0.8766
378,Heliodoxa branickii,19.43750566893424,0.0,0.07412698412698412,0.9962,1.0,0.9981
379,Heliodoxa leadbeateri,13.120249433106576,6.770521541950114,2.0889569160997734,0.8627,0.6596,0.7476
380,Heliodoxa schreibersii,16.38580498866213,2.126984126984127,0.4281632653061225,0.9745,0.8851,0.9277
381,Heliomaster longirostris,17.786734693877552,3.8280725623582765,10.558344671201814,0.6275,0.8229,0.712
382,Heliornis fulica,3.4889569160997733,1.856893424036281,0.3947392290249433,0.8984,0.6526,0.756
383,Heliothryx auritus,0.6970521541950113,2.062154195011338,2.1634920634920634,0.2437,0.2526,0.2481
384,Hemithraupis flavicollis,2.4841496598639456,0.41575963718820863,1.1902721088435375,0.6761,0.8566,0.7557
385,Hemithraupis guira,3.828730158730159,3.332585034013605,2.6735827664399094,0.5888,0.5346,0.5604
386,Hemitriccus cohnhafti,34.57126984126984,20.448730158730157,12.321904761904761,0.7372,0.6283,0.6784
387,Hemitriccus flammulatus,5.339183673469388,0.5719047619047619,12.591065759637187,0.2978,0.9032,0.4479
388,Hemitriccus griseipectus,75.13643990929705,8.03140589569161,34.21340136054422,0.6871,0.9034,0.7806
389,Hemitriccus iohannis,22.474965986394558,0.30532879818594105,4.254784580498866,0.8408,0.9866,0.9079
390,Hemitriccus rufigularis,62.127256235827666,2.8366893424036284,5.080340136054422,0.9244,0.9563,0.9401
391,Henicorhina leucophrys,29.786009070294785,1.7665306122448978,7.544625850340136,0.7979,0.944,0.8648
392,Herpetotheres cachinnans,37.10659863945578,5.301111111111111,1.9567800453514739,0.9499,0.875,0.9109
393,Herpsilochmus axillaris,27.94936507936508,0.9285487528344671,1.7008390022675737,0.9426,0.9678,0.9551
394,Herpsilochmus motacilloides,12.820566893424036,6.325487528344671,3.5050793650793652,0.7853,0.6696,0.7229
395,Herpsilochmus rufimarginatus,7.110884353741497,0.08922902494331066,1.0289569160997731,0.8736,0.9876,0.9271
396,Heterocercus linteatus,7.683560090702948,0.6264399092970522,0.6885260770975057,0.9178,0.9246,0.9212
397,Himantopus mexicanus,118.3037641723356,8.28156462585034,30.510249433106576,0.795,0.9346,0.8591
398,Hirundinea ferruginea,47.295918367346935,1.5130612244897959,3.939546485260771,0.9231,0.969,0.9455
399,Hydropsalis maculicaudus,16.996485260770974,0.9194784580498866,1.050090702947846,0.9418,0.9487,0.9452
400,Hydropsalis torquata,3.806394557823129,1.1645351473922902,1.4958503401360543,0.7179,0.7657,0.741
401,Hylexetastes stresemanni,45.49433106575964,1.1674603174603173,18.908548752834466,0.7064,0.975,0.8192
402,Hylopezus berlepschi,3.026802721088435,7.47421768707483,0.08950113378684807,0.9713,0.2882,0.4446
403,Hylophilus thoracicus,19.92251700680272,2.5365079365079364,4.170453514739229,0.8269,0.8871,0.8559
404,Hylophylax naevius,53.38984126984127,0.9480725623582766,1.1451020408163264,0.979,0.9826,0.9808
405,Hylophylax punctulatus,40.41142857142857,0.5774829931972789,0.8676417233560091,0.979,0.9859,0.9824
406,Hypocnemis peruviana,15.323560090702948,0.3154421768707483,9.354263038548753,0.6209,0.9798,0.7602
407,Hypocnemis subflava,35.89725623582766,1.058888888888889,3.7066666666666666,0.9064,0.9713,0.9378
408,Hypocnemoides maculicauda,69.84351473922902,11.058934240362813,10.9240589569161,0.8647,0.8633,0.864
409,Ibycter americanus,36.67984126984127,0.8277324263038549,1.6375510204081634,0.9573,0.9779,0.9675
410,Icterus croconotus,33.563378684807255,3.735827664399093,2.36687074829932,0.9341,0.8998,0.9167
411,Ictinia mississippiensis,9.976780045351475,0.5697052154195011,1.5141043083900227,0.8682,0.946,0.9054
412,Ictinia plumbea,6.388662131519275,1.1552607709750566,2.7606575963718822,0.6983,0.8469,0.7654
413,Inezia inornata,6.608049886621315,0.7274603174603174,1.750453514739229,0.7906,0.9008,0.8421
414,Iodopleura isabellae,18.789478458049885,5.1328344671201815,15.060204081632653,0.5551,0.7854,0.6505
415,Iridophanes pulcherrimus,3.018140589569161,0.48290249433106575,0.4004761904761905,0.8829,0.8621,0.8723
416,Iridosornis analis,32.425283446712015,13.856530612244898,7.185102040816326,0.8186,0.7006,0.755
417,Iridosornis jelskii,17.494467120181405,5.903015873015873,6.346326530612245,0.7338,0.7477,0.7407
418,Isleria hauxwelli,20.85730158730159,0.2711337868480726,3.8317460317460315,0.8448,0.9872,0.9105
419,Ixobrychus exilis,1.8509977324263038,0.7796371882086168,1.3815646258503402,0.5726,0.7036,0.6314
420,Ixobrychus involucris,2.1656462585034015,0.05866213151927438,0.46226757369614513,0.8241,0.9736,0.8926
421,Jabiru mycteria,13.588185941043085,14.673560090702948,1.272267573696145,0.9144,0.4808,0.6302
422,Jacamerops aureus,14.297528344671203,4.815850340136055,0.8652607709750566,0.9429,0.748,0.8343
423,Jacana jacana,6.712199546485261,0.0,3.8810204081632653,0.6336,1.0,0.7757
424,Klais guimeti,8.713809523809523,3.2482312925170067,4.728095238095238,0.6483,0.7285,0.686
425,Knipolegus aterrimus,1.6569160997732426,0.8596145124716553,2.087278911564626,0.4425,0.6584,0.5293
426,Knipolegus hudsoni,6.869319727891156,1.6454875283446713,1.3166893424036281,0.8392,0.8067,0.8226
427,Knipolegus poecilurus,14.281292517006804,7.939501133786848,3.6257823129251703,0.7975,0.6427,0.7118
428,Lamprospiza melanoleuca,35.097324263038544,9.017732426303855,55.10766439909297,0.3891,0.7956,0.5226
429,Laniisoma elegans,31.74181405895692,5.447120181405896,24.188548752834464,0.5675,0.8535,0.6817
430,Lanio versicolor,19.395079365079365,1.579795918367347,8.51201814058957,0.695,0.9247,0.7935
431,Laniocera hypopyrra,28.137210884353742,3.811927437641723,3.2814739229024945,0.8956,0.8807,0.8881
432,Laterallus exilis,4.558163265306122,0.295124716553288,0.0,1.0,0.9392,0.9686
433,Laterallus melanophaius,28.043560090702947,0.1469387755102041,0.756281179138322,0.9737,0.9948,0.9842
434,Lathrotriccus euleri,30.474739229024944,13.13156462585034,10.804421768707483,0.7383,0.6989,0.718
435,Legatus leucophaius,40.092448979591836,2.5802947845804987,3.372585034013605,0.9224,0.9395,0.9309
436,Leistes militaris,4.063764172335601,0.535124716553288,2.4943537414965986,0.6197,0.8836,0.7285
437,Leistes superciliaris,13.641995464852608,5.79,3.9627664399092972,0.7749,0.702,0.7367
438,Lepidocolaptes fatimalimae,2.4214965986394557,0.0,0.7878231292517007,0.7545,1.0,0.8601
439,Lepidocolaptes fuscicapillus,36.26002267573696,2.0085714285714285,3.647074829931973,0.9086,0.9475,0.9277
440,Lepidocolaptes lacrymiger,17.714920634920635,0.19390022675736962,5.727052154195011,0.7557,0.9892,0.8568
441,Lepidothrix coronata,50.74022675736961,6.4123582766439915,7.968526077097505,0.8643,0.8878,0.8759
442,Leptodon cayanensis,31.552040816326528,1.0722222222222222,1.7736281179138322,0.9468,0.9671,0.9568
443,Leptopogon amaurocephalus,2.6368027210884355,0.0,1.7352834467120182,0.6031,1.0,0.7524
444,Leptopogon superciliaris,6.452834467120182,0.6597052154195011,0.523922902494331,0.9249,0.9072,0.916
445,Leptopogon taczanowskii,24.049909297052153,4.9760544217687075,3.1594331065759635,0.8839,0.8286,0.8553
446,Leptosittaca branickii,11.16814058956916,2.490748299319728,2.6225623582766437,0.8098,0.8176,0.8137
447,Leptotila rufaxilla,22.571269841269842,2.3964852607709752,1.1497278911564626,0.9515,0.904,0.9272
448,Leptotila verreauxi,8.613945578231291,2.8868934240362814,4.590430839002268,0.6524,0.749,0.6973
449,Leucopternis kuhli,1.5192743764172336,0.9511337868480726,0.03886621315192744,0.9751,0.615,0.7543
450,Leucopternis melanops,21.182448979591836,5.570090702947845,11.007596371882086,0.658,0.7918,0.7187
451,Limnodromus griseus,22.713990929705215,2.0929705215419503,1.4953514739229026,0.9382,0.9156,0.9268
452,Limosa haemastica,34.812993197278914,1.0810884353741497,9.524557823129252,0.7852,0.9699,0.8678
453,Liosceles thoracicus,40.02977324263039,5.193673469387755,143.62156462585034,0.218,0.8852,0.3498
454,Lochmias nematura,99.3017006802721,11.788208616780045,5.903764172335601,0.9439,0.8939,0.9182
455,Lophornis chalybeus,0.44399092970521536,0.6828344671201814,2.230408163265306,0.166,0.394,0.2336
456,Lophostrix cristata,13.487256235827665,12.364353741496599,3.6316780045351473,0.7879,0.5217,0.6277
457,Lophotriccus eulophotes,6.330272108843538,0.46662131519274375,0.3208843537414966,0.9518,0.9313,0.9414
458,Lophotriccus pileatus,9.516485260770974,0.1246031746031746,0.8600453514739229,0.9171,0.9871,0.9508
459,Lurocalis rufiventris,25.62342403628118,1.0920634920634922,2.33,0.9166,0.9591,0.9374
460,Lurocalis semitorquatus,8.098843537414966,2.658888888888889,0.7849206349206349,0.9116,0.7528,0.8247
461,Machaeropterus pyrocephalus,7.833197278911565,6.38702947845805,19.67843537414966,0.2847,0.5508,0.3754
462,Malacoptila fulvogularis,36.765419501133785,1.6322222222222222,1.553424036281179,0.9595,0.9575,0.9585
463,Malacoptila semicincta,3.6520408163265308,5.936077097505669,3.4875510204081634,0.5115,0.3809,0.4366
464,Margarornis squamiger,22.126507936507934,11.391043083900225,3.9522448979591833,0.8484,0.6601,0.7425
465,Mazaria propinqua,1.9736281179138322,8.035714285714286,7.631088435374149,0.2055,0.1972,0.2012
466,Mecocerculus leucophrys,68.2918820861678,19.348934240362812,9.523650793650793,0.8776,0.7792,0.8255
467,Megaceryle torquata,21.176303854875282,4.1735600907029475,2.4050566893424037,0.898,0.8354,0.8656
468,Megarynchus pitangua,18.17326530612245,0.3664625850340136,1.7670068027210886,0.9114,0.9802,0.9446
469,Megascops centralis,3.368095238095238,0.03303854875283447,1.083718820861678,0.7566,0.9903,0.8578
470,Megascops choliba,21.142766439909295,1.2976190476190477,6.601496598639456,0.7621,0.9422,0.8426
471,Megascops ingens,21.42263038548753,0.106281179138322,1.1754875283446713,0.948,0.9951,0.971
472,Megascops roraimae,21.46718820861678,0.06258503401360545,1.0380725623582765,0.9539,0.9971,0.975
473,Melanerpes candidus,14.9062358276644,1.569750566893424,0.5356462585034013,0.9653,0.9047,0.934
474,Melanerpes cruentatus,5.608775510204082,0.16131519274376419,1.217142857142857,0.8217,0.972,0.8906
475,Mesembrinibis cayennensis,18.891609977324265,2.946575963718821,3.364172335600907,0.8488,0.8651,0.8569
476,Metallura aeneocauda,17.569342403628117,0.053514739229024944,0.29113378684807256,0.9837,0.997,0.9903
477,Metopothrix aurantiaca,17.090566893424036,2.5338321995464854,6.651836734693878,0.7198,0.8709,0.7882
478,Metriopelia ceciliae,0.6657823129251701,0.2506122448979592,0.49700680272108844,0.5726,0.7265,0.6404
479,Metriopelia melanoptera,5.721700680272109,0.1319047619047619,1.5130839002267573,0.7909,0.9775,0.8743
480,Micrastur buckleyi,37.12480725623583,11.354648526077098,4.526371882086168,0.8913,0.7658,0.8238
481,Micrastur gilvicollis,39.457142857142856,2.761814058956916,21.652290249433108,0.6457,0.9346,0.7637
482,Micrastur mirandollei,30.242902494331066,0.4158956916099773,6.101678004535147,0.8321,0.9864,0.9027
483,Micrastur ruficollis,60.60659863945578,9.393106575963717,17.577120181405895,0.7752,0.8658,0.818
484,Micrastur semitorquatus,40.67727891156463,11.830068027210885,7.388390022675737,0.8463,0.7747,0.8089
485,Microbates cinereiventris,35.44929705215419,1.0816099773242631,2.2632879818594107,0.94,0.9704,0.9549
486,Microcerculus bambla,26.510816326530612,4.4031972789115645,3.0473015873015874,0.8969,0.8576,0.8768
487,Microcerculus marginatus,13.71891156462585,0.5793877551020408,0.6531746031746032,0.9546,0.9595,0.957
488,Micromonacha lanceolata,10.184331065759636,0.001179138321995465,0.07149659863945579,0.993,0.9999,0.9964
489,Micropygia schomburgkii,126.85358276643991,12.708072562358277,7.571836734693877,0.9437,0.9089,0.926
490,Microrhopias quixensis,31.132607709750566,16.64580498866213,10.7381179138322,0.7435,0.6516,0.6945
491,Microxenops milleri,8.453061224489796,0.6382312925170068,0.15156462585034014,0.9824,0.9298,0.9554
492,Milvago chimachima,89.88172335600908,2.546439909297052,1.792766439909297,0.9804,0.9724,0.9764
493,Mimus triurus,7.353922902494331,3.1328117913832196,2.1112698412698414,0.7769,0.7013,0.7372
494,Mionectes macconnelli,43.69138321995465,7.029319727891156,7.909047619047619,0.8467,0.8614,0.854
495,Mionectes oleagineus,64.32253968253968,20.001859410430836,4.566734693877551,0.9337,0.7628,0.8396
496,Mionectes olivaceus,50.94462585034013,2.9324943310657594,1.8183219954648524,0.9655,0.9456,0.9554
497,Mionectes striaticollis,6.132312925170068,2.677392290249433,0.7747165532879818,0.8878,0.6961,0.7804
498,Mitu tuberosum,50.98136054421769,4.12843537414966,3.1747392290249437,0.9414,0.9251,0.9332
499,Molothrus bonariensis,64.3552380952381,27.1672335600907,7.737755102040817,0.8927,0.7032,0.7867
500,Molothrus oryzivorus,4.0088888888888885,0.9291609977324263,0.5725396825396826,0.875,0.8118,0.8422
501,Momotus aequatorialis,22.11049886621315,0.503015873015873,2.949931972789116,0.8823,0.9778,0.9276
502,Momotus momota,7.552585034013606,6.667414965986395,1.982358276643991,0.7921,0.5311,0.6359
503,Monasa flavirostris,33.77773242630386,2.6178004535147394,1.2222675736961452,0.9651,0.9281,0.9462
504,Monasa morphoeus,25.30108843537415,0.0,0.14077097505668934,0.9945,1.0,0.9972
505,Monasa nigrifrons,97.49272108843537,16.93659863945578,1.6056009070294786,0.9838,0.852,0.9132
506,Morphnus guianensis,0.8092063492063492,0.35290249433106574,0.004739229024943311,0.9942,0.6963,0.819
507,Myadestes ralloides,29.143446712018143,22.668503401360546,12.786848072562357,0.695,0.5625,0.6218
508,Mycteria americana,263.77315192743765,80.57863945578231,21.590249433106575,0.9243,0.766,0.8378
509,Myiarchus cephalotes,10.601201814058959,3.1964172335600907,1.2825850340136056,0.8921,0.7683,0.8256
510,Myiarchus ferox,42.880430839002265,18.133605442176872,11.096417233560091,0.7944,0.7028,0.7458
511,Myiarchus swainsoni,27.291587301587306,1.7201133786848073,3.3822222222222225,0.8897,0.9407,0.9145
512,Myiarchus tuberculifer,5.804489795918368,2.506326530612245,3.2885487528344672,0.6383,0.6984,0.667
513,Myiarchus tyrannulus,35.54551020408163,6.615124716553288,8.745351473922902,0.8025,0.8431,0.8223
514,Myiobius atricaudus,15.7078231292517,14.678367346938774,6.42342403628118,0.7098,0.5169,0.5982
515,Myiobius barbatus,10.335260770975058,8.031383219954648,4.743514739229025,0.6854,0.5627,0.618
516,Myiobius villosus,13.711814058956916,3.8278911564625853,2.2184580498866215,0.8607,0.7818,0.8194
517,Myioborus melanocephalus,28.55936507936508,1.7765306122448978,8.517619047619048,0.7703,0.9414,0.8473
518,Myioborus miniatus,17.548480725623584,10.459954648526077,0.9545124716553288,0.9484,0.6265,0.7546
519,Myiodynastes chrysocephalus,14.598843537414965,1.090657596371882,6.657006802721089,0.6868,0.9305,0.7903
520,Myiodynastes luteiventris,16.08238095238095,0.8579818594104308,0.9641269841269842,0.9434,0.9494,0.9464
521,Myiodynastes maculatus,37.69877551020409,20.506507936507933,6.109999999999999,0.8605,0.6477,0.7391
522,Myiopagis caniceps,62.72675736961451,13.74920634920635,10.063990929705216,0.8617,0.8202,0.8405
523,Myiopagis gaimardii,16.259591836734693,2.929002267573696,15.63231292517007,0.5098,0.8474,0.6366
524,Myiopagis viridicata,10.21641723356009,1.8236734693877552,29.425374149659866,0.2577,0.8485,0.3954
525,Myiophobus fasciatus,6.203990929705215,0.42480725623582766,1.61,0.794,0.9359,0.8591
526,Myiophobus inornatus,3.75718820861678,0.7053968253968254,2.0706122448979594,0.6447,0.8419,0.7302
527,Myiornis ecaudatus,28.983015873015873,4.35562358276644,1.7708843537414964,0.9424,0.8694,0.9044
528,Myiotheretes fumigatus,35.40126984126984,3.150907029478458,2.5207256235827664,0.9335,0.9183,0.9258
529,Myiotheretes fuscorufus,20.199614512471655,12.514421768707484,14.52172335600907,0.5818,0.6175,0.5991
530,Myiotheretes striaticollis,10.15138321995465,4.257619047619047,1.6857823129251701,0.8576,0.7045,0.7736
531,Myiothlypis bivittata,47.789138321995466,0.7860317460317461,4.661428571428571,0.9111,0.9838,0.9461
532,Myiothlypis chrysogaster,46.61893424036281,7.074625850340136,27.032312925170068,0.633,0.8682,0.7322
533,Myiothlypis coronata,75.82356009070294,6.03421768707483,8.806054421768708,0.8959,0.9263,0.9109
534,Myiothlypis fulvicauda,57.6590022675737,12.548321995464853,3.126575963718821,0.9486,0.8213,0.8803
535,Myiothlypis luteoviridis,40.50011337868481,0.5871201814058957,1.406825396825397,0.9664,0.9857,0.976
536,Myiotriccus ornatus,69.84299319727891,15.543854875283447,7.971020408163265,0.8976,0.818,0.8559
537,Myiozetetes cayanensis,54.386802721088436,1.198390022675737,7.628684807256235,0.877,0.9784,0.9249
538,Myiozetetes granadensis,58.89117913832199,10.90360544217687,11.334013605442177,0.8386,0.8438,0.8412
539,Myiozetetes luteiventris,9.69501133786848,2.148231292517007,21.77018140589569,0.3081,0.8186,0.4477
540,Myiozetetes similis,29.08904761904762,16.18031746031746,4.366190476190476,0.8695,0.6426,0.739
541,Myrmelastes brunneiceps,43.72043083900227,22.95718820861678,11.488956916099774,0.7919,0.6557,0.7174
542,Myrmelastes humaythae,25.65344671201814,10.126077097505668,5.475759637188209,0.8241,0.717,0.7668
543,Myrmelastes hyperythrus,26.504739229024946,4.127709750566893,6.181269841269842,0.8109,0.8653,0.8372
544,Myrmelastes leucostigma,29.872244897959185,0.7764399092970522,2.1277551020408163,0.9335,0.9747,0.9536
545,Myrmoborus leucophrys,35.88820861678005,0.783265306122449,5.595646258503401,0.8651,0.9786,0.9184
546,Myrmoborus lophotes,47.60541950113379,8.676643990929707,1.8837641723356007,0.9619,0.8458,0.9002
547,Myrmophylax atrothorax,15.798027210884355,1.6416780045351476,1.4582766439909296,0.9155,0.9059,0.9107
548,Myrmothera campanisona,21.423718820861676,1.9529024943310658,4.36015873015873,0.8309,0.9165,0.8716
549,Myrmotherula axillaris,16.698231292517008,2.222199546485261,0.1622222222222222,0.9904,0.8826,0.9334
550,Myrmotherula brachyura,38.96487528344671,4.169319727891157,7.16609977324263,0.8447,0.9033,0.873
551,Myrmotherula grisea,33.15011337868481,0.8479591836734695,2.6784126984126986,0.9252,0.9751,0.9495
552,Myrmotherula iheringi,217.594693877551,12.663809523809523,37.64446712018141,0.8525,0.945,0.8964
553,Myrmotherula longicauda,14.057074829931972,4.863718820861678,1.8561224489795918,0.8834,0.7429,0.8071
554,Myrmotherula longipennis,38.432312925170066,16.33764172335601,3.5810204081632655,0.9148,0.7017,0.7942
555,Myrmotherula menetriesii,51.148049886621315,1.8131519274376418,4.828684807256236,0.9137,0.9658,0.939
556,Myrmotherula multostriata,51.50176870748299,13.186077097505668,4.009977324263039,0.9278,0.7962,0.8569
557,Myrmotherula schisticolor,28.13206349206349,19.52888888888889,9.821587301587302,0.7412,0.5903,0.6572
558,Myrmotherula sclateri,66.38074829931972,9.118798185941042,19.224013605442178,0.7754,0.8792,0.8241
559,Nannopsittaca dachilleae,13.52328798185941,0.2832426303854875,0.7525396825396825,0.9473,0.9795,0.9631
560,Nasica longirostris,2.250453514739229,0.5675510204081633,1.239750566893424,0.6448,0.7986,0.7135
561,Nemosia pileata,19.306031746031746,10.951451247165533,2.08156462585034,0.9027,0.6381,0.7476
562,Neoctantes niger,129.88621315192745,7.2555782312925166,12.690068027210884,0.911,0.9471,0.9287
563,Neomorphus geoffroyi,7.273038548752835,0.9361451247165533,1.096825396825397,0.869,0.886,0.8774
564,Neopelma sulphureiventer,14.517142857142858,1.7655102040816326,0.5758730158730159,0.9618,0.8916,0.9254
565,Neopipo cinnamomea,30.18643990929705,7.0055555555555555,0.20891156462585034,0.9931,0.8116,0.8933
566,Nephelomyias pulcher,4.5751700680272105,0.2035374149659864,1.6852607709750567,0.7308,0.9574,0.8289
567,Netta peposaca,8.787709750566894,1.2727210884353741,1.9649886621315193,0.8173,0.8735,0.8444
568,Nomonyx dominicus,43.30678004535147,16.73106575963719,1.9724716553287982,0.9564,0.7213,0.8224
569,Nonnula ruficapilla,28.76877551020408,2.477120181405896,11.487619047619047,0.7146,0.9207,0.8047
570,Nonnula sclateri,7.336190476190477,3.3992743764172335,2.3487755102040815,0.7575,0.6834,0.7185
571,Notharchus hyperrhynchus,53.503242630385486,0.42664399092970523,19.701201814058958,0.7309,0.9921,0.8417
572,Notharchus ordii,62.69891156462585,1.474421768707483,6.406031746031745,0.9073,0.977,0.9409
573,Notharchus tectus,13.977800453514739,4.295487528344672,3.6036507936507935,0.795,0.7649,0.7797
574,Nothocercus nigrocapillus,10.144988662131519,3.528684807256236,1.134126984126984,0.8994,0.7419,0.8131
575,Nyctibius aethereus,19.60578231292517,5.163809523809524,2.3745578231292517,0.892,0.7915,0.8388
576,Nyctibius bracteatus,3.949365079365079,0.0,3.7251020408163265,0.5146,1.0,0.6795
577,Nyctibius grandis,21.265850340136055,6.149546485260771,27.26829931972789,0.4382,0.7757,0.56
578,Nyctibius griseus,45.368956916099776,25.413174603174603,42.95907029478458,0.5136,0.641,0.5703
579,Nyctibius leucopterus,18.016848072562357,6.133106575963719,10.262312925170068,0.6371,0.746,0.6873
580,Nycticorax nycticorax,1.6796371882086167,0.8014512471655328,0.18081632653061225,0.9028,0.677,0.7738
581,Nyctidromus albicollis,19.16809523809524,62.220589569161,76.29727891156463,0.2008,0.2355,0.2168
582,Nyctiphrynus ocellatus,49.36224489795919,7.180861678004535,18.986462585034012,0.7222,0.873,0.7905
583,Nyctipolus nigrescens,28.11802721088435,9.452834467120182,6.021519274376417,0.8236,0.7484,0.7842
584,Nystalus chacuru,22.1915873015873,1.5536961451247167,1.8002721088435374,0.925,0.9346,0.9297
585,Nystalus obamai,3.2062585034013606,0.11984126984126985,0.1890702947845805,0.9443,0.964,0.954
586,Nystalus striolatus,26.368662131519272,17.632494331065757,3.9645804988662134,0.8693,0.5993,0.7095
587,Ochthoeca cinnamomeiventris,17.551405895691612,0.7199092970521542,1.3998866213151928,0.9261,0.9606,0.9431
588,Ochthornis littoralis,7.975487528344671,1.4199773242630385,1.5594784580498866,0.8364,0.8489,0.8426
589,Ocreatus underwoodii,23.96002267573696,0.37179138321995464,0.8073922902494332,0.9674,0.9847,0.976
590,Odontophorus balliviani,21.48047619047619,0.11122448979591837,1.3193197278911564,0.9421,0.9948,0.9678
591,Odontophorus gujanensis,74.59904761904761,9.36204081632653,20.26167800453515,0.7864,0.8885,0.8343
592,Odontophorus speciosus,110.00750566893423,1.002562358276644,5.2285941043083906,0.9546,0.991,0.9725
593,Odontophorus stellatus,31.375668934240363,2.008798185941043,15.764739229024945,0.6656,0.9398,0.7793
594,Odontorchilus branickii,15.23655328798186,1.9920181405895692,21.321655328798187,0.4168,0.8844,0.5666
595,Oneillornis salvini,28.616530612244897,16.854761904761904,5.164081632653062,0.8471,0.6293,0.7222
596,Onychorhynchus coronatus,7.6420408163265305,2.148253968253968,8.75344671201814,0.4661,0.7806,0.5837
597,Opisthocomus hoazin,59.8774149659864,8.000113378684807,0.8203628117913833,0.9865,0.8821,0.9314
598,Oporornis agilis,87.88587301587302,30.656621315192744,28.172653061224487,0.7573,0.7414,0.7492
599,Oreopholus ruficollis,26.730430839002267,2.4369614512471656,3.329727891156462,0.8892,0.9164,0.9026
600,Ornithion inerme,12.327233560090704,1.3096598639455783,3.0529705215419503,0.8015,0.904,0.8497
601,Ortalis guttata,25.630385487528343,0.3821315192743764,2.0219501133786846,0.9269,0.9853,0.9552
602,Orthopsittaca manilatus,43.72004535147393,14.641541950113378,17.6897052154195,0.7119,0.7491,0.7301
603,Oxyruncus cristatus,6.335691609977324,1.4382312925170069,0.0364172335600907,0.9943,0.815,0.8958
604,Oxyura jamaicensis,18.043582766439908,13.200589569160996,4.979727891156462,0.7837,0.5775,0.665
605,Pachyramphus castaneus,22.766621315192744,3.449569160997732,31.62183673469388,0.4186,0.8684,0.5649
606,Pachyramphus marginatus,31.654240362811795,1.9636507936507936,8.382539682539683,0.7906,0.9416,0.8595
607,Pachyramphus minor,13.555646258503401,2.888730158730159,4.0192970521541955,0.7713,0.8243,0.7969
608,Pachyramphus polychopterus,15.366575963718821,1.0517687074829931,13.089795918367347,0.54,0.9359,0.6849
609,Pachyramphus validus,16.78907029478458,4.254444444444444,5.376734693877552,0.7574,0.7978,0.7771
610,Pachyramphus viridis,18.7591156462585,0.3575510204081632,5.543174603174603,0.7719,0.9813,0.8641
611,Panyptila cayennensis,53.191043083900226,0.9669387755102041,1.367142857142857,0.9749,0.9821,0.9785
612,Parabuteo unicinctus,26.66562358276644,1.771859410430839,8.171655328798186,0.7654,0.9377,0.8429
613,Pardirallus maculatus,10.686485260770976,5.377777777777778,2.7320408163265304,0.7964,0.6652,0.7249
614,Pardirallus nigricans,26.376462585034012,0.7291609977324263,4.40079365079365,0.857,0.9731,0.9114
615,Parkerthraustes humeralis,8.244807256235827,0.3673922902494331,0.5691383219954649,0.9354,0.9573,0.9463
616,Paroaria gularis,37.66614512471655,8.857732426303855,11.556916099773243,0.7652,0.8096,0.7868
617,Passer domesticus,46.603038548752835,13.067256235827664,4.515260770975057,0.9117,0.781,0.8413
618,Patagioenas cayennensis,64.16215419501134,82.62337868480726,4.489070294784581,0.9346,0.4371,0.5956
619,Patagioenas fasciata,19.7772335600907,29.3875283446712,9.362403628117914,0.6787,0.4023,0.5051
620,Patagioenas picazuro,21.079909297052154,0.4680498866213152,14.129954648526077,0.5987,0.9783,0.7428
621,Patagioenas plumbea,11.802426303854876,1.5062585034013605,6.2440589569161,0.654,0.8868,0.7528
622,Patagioenas speciosa,31.88460317460317,0.8556009070294784,3.4943990929705215,0.9012,0.9739,0.9361
623,Patagioenas subvinacea,72.14473922902495,3.477551020408163,7.777528344671202,0.9027,0.954,0.9276
624,Pauxi koepckeae,0.2446938775510204,0.025306122448979593,1.894875283446712,0.1144,0.9063,0.2031
625,Penelope jacquacu,96.15056689342404,12.347029478458051,40.479569160997734,0.7037,0.8862,0.7845
626,Petrochelidon pyrrhonota,27.829433106575966,3.9264625850340136,26.084535147392295,0.5162,0.8764,0.6497
627,Phaeomyias murina,31.78233560090703,6.415555555555556,11.729410430839001,0.7304,0.832,0.7779
628,Phaethornis guy,62.08294784580499,26.335532879818597,13.963673469387755,0.8164,0.7021,0.755
629,Phaethornis hispidus,94.95219954648525,2.7433333333333336,13.55952380952381,0.875,0.9719,0.9209
630,Phaethornis koepckeae,1.7153514739229025,0.08752834467120181,0.16834467120181407,0.9106,0.9515,0.9306
631,Phaethornis malaris,233.95580498866212,53.0243537414966,14.593990929705216,0.9413,0.8152,0.8737
632,Phaethornis philippii,29.571655328798187,13.108548752834468,3.1958276643990926,0.9025,0.6929,0.7839
633,Phaethornis ruber,77.25269841269841,8.141383219954648,9.752539682539682,0.8879,0.9047,0.8962
634,Phaethornis stuarti,7.681904761904762,0.20020408163265307,0.4063718820861678,0.9498,0.9746,0.962
635,Phaetusa simplex,43.06340136054421,3.3065532879818593,18.391383219954648,0.7007,0.9287,0.7988
636,Phalacrocorax brasilianus,28.618299319727893,1.0368253968253969,2.567732426303855,0.9177,0.965,0.9408
637,Phalaropus tricolor,10.049092970521542,1.8328798185941042,61.20689342403629,0.141,0.8457,0.2417
638,Pharomachrus antisianus,29.211904761904762,3.9083219954648527,6.413151927437641,0.82,0.882,0.8499
639,Pharomachrus auriceps,10.293560090702949,0.5772789115646259,0.3576417233560091,0.9664,0.9469,0.9566
640,Pharomachrus pavoninus,12.262448979591836,7.208662131519275,1.9701360544217688,0.8616,0.6298,0.7277
641,Pheucticus aureoventris,40.30321995464853,4.548390022675737,14.563537414965985,0.7346,0.8986,0.8083
642,Pheugopedius coraya,21.089319727891155,7.0036507936507935,5.368231292517007,0.7971,0.7507,0.7732
643,Pheugopedius genibarbis,32.32725623582766,2.1897959183673468,6.858798185941043,0.825,0.9366,0.8772
644,Philydor erythrocercum,6.199569160997733,3.349206349206349,2.8934240362811794,0.6818,0.6493,0.6651
645,Philydor pyrrhodes,55.05578231292517,52.274036281179136,36.02501133786848,0.6045,0.513,0.555
646,Phlegopsis erythroptera,42.76233560090703,3.5993197278911566,5.652244897959184,0.8833,0.9224,0.9024
647,Phlegopsis nigromaculata,24.227460317460316,1.0014285714285713,8.63299319727891,0.7373,0.9603,0.8341
648,Phleocryptes melanops,71.40825396825396,0.5099319727891156,2.6956689342403624,0.9636,0.9929,0.978
649,Phlogophilus harterti,18.275510204081634,2.652902494331066,6.288956916099773,0.744,0.8732,0.8034
650,Phrygilus fruticeti,47.060589569160996,2.5444217687074833,3.980294784580499,0.922,0.9487,0.9352
651,Phyllomyias burmeisteri,35.02575963718821,1.4643310657596373,4.289637188208617,0.8909,0.9599,0.9241
652,Phyllomyias griseiceps,34.59904761904762,10.95687074829932,7.58702947845805,0.8202,0.7595,0.7887
653,Phyllomyias plumbeiceps,45.861111111111114,21.754625850340137,5.3828571428571435,0.895,0.6783,0.7717
654,Phyllomyias uropygialis,61.91557823129252,2.8447619047619046,39.93793650793651,0.6079,0.9561,0.7432
655,Phylloscartes parkeri,10.636802721088436,0.4713605442176871,2.8323809523809524,0.7897,0.9576,0.8656
656,Phylloscartes ventralis,7.734308390022676,1.3721315192743764,0.7308163265306122,0.9137,0.8493,0.8803
657,Piaya melanogaster,33.09721088435374,7.641904761904762,12.789931972789116,0.7213,0.8124,0.7641
658,Piculus chrysochloros,6.416734693877551,0.2361451247165533,1.9728571428571429,0.7648,0.9645,0.8531
659,Piculus flavigula,11.154399092970522,0.26090702947845806,2.244013605442177,0.8325,0.9771,0.8991
660,Piculus leucolaemus,11.7240589569161,0.1172562358276644,0.6712925170068027,0.9458,0.9901,0.9675
661,Picumnus aurifrons,47.85351473922903,2.0765532879818593,18.807437641723357,0.7179,0.9584,0.8209
662,Picumnus dorbignyanus,12.976485260770977,1.1610204081632651,3.7212698412698413,0.7771,0.9179,0.8417
663,Picumnus rufiventris,22.777301587301586,9.410793650793652,35.82489795918367,0.3887,0.7076,0.5018
664,Picumnus subtilis,33.7265306122449,8.384489795918368,10.163696145124717,0.7684,0.8009,0.7843
665,Pilherodius pileatus,17.885351473922903,1.8111564625850338,3.261065759637188,0.8458,0.908,0.8758
666,Pionites leucogaster,30.985102040816326,10.16315192743764,6.075918367346939,0.8361,0.753,0.7924
667,Pionus menstruus,46.453537414965986,27.15827664399093,11.001519274376417,0.8085,0.6311,0.7089
668,Pionus tumultuosus,36.58845804988662,33.427732426303855,1.5044444444444445,0.9605,0.5226,0.6769
669,Pipile cumanensis,56.59675736961451,3.274399092970522,8.511655328798186,0.8693,0.9453,0.9057
670,Pipra fasciicauda,15.523854875283448,4.633378684807257,11.708707482993198,0.57,0.7701,0.6552
671,Pipraeidea melanonota,20.405351473922902,5.303650793650794,2.990068027210884,0.8722,0.7937,0.8311
672,Pipreola arcuata,32.643469387755104,14.038049886621316,3.3565759637188206,0.9068,0.6993,0.7896
673,Pipreola frontalis,34.68063492063492,4.257959183673469,7.621814058956916,0.8198,0.8906,0.8538
674,Pipreola intermedia,16.83628117913832,5.392018140589569,2.539138321995465,0.869,0.7574,0.8094
675,Pipreola pulchra,7.82750566893424,1.6918820861678006,0.38179138321995465,0.9535,0.8223,0.883
676,Piprites chloris,27.453854875283447,1.7223809523809526,10.363832199546486,0.726,0.941,0.8196
677,Piranga flava,3.148503401360544,0.7264172335600907,3.6887074829931974,0.4605,0.8125,0.5878
678,Piranga leucoptera,103.93818594104309,22.947482993197276,9.008049886621315,0.9202,0.8191,0.8668
679,Piranga olivacea,143.46814058956917,11.661723356009071,13.85734693877551,0.9119,0.9248,0.9183
680,Piranga rubra,18.407709750566895,3.4775056689342403,4.140634920634921,0.8164,0.8411,0.8285
681,Pitangus sulphuratus,7.942403628117914,0.15639455782312925,0.4776190476190476,0.9433,0.9807,0.9616
682,Platalea ajaja,5.359342403628117,1.663061224489796,0.4500226757369614,0.9225,0.7632,0.8353
683,Platyrinchus coronatus,14.440226757369615,7.99126984126984,2.616712018140589,0.8466,0.6437,0.7314
684,Platyrinchus mystaceus,5.597369614512472,0.6527210884353741,11.781859410430839,0.3221,0.8956,0.4738
685,Platyrinchus platyrhynchos,34.27013605442177,2.7099773242630385,5.9044897959183675,0.853,0.9267,0.8883
686,Plegadis ridgwayi,8.296054421768707,0.9269160997732426,2.2853061224489797,0.784,0.8995,0.8378
687,Pluvialis dominica,7.530975056689343,1.3131065759637188,0.5853061224489796,0.9279,0.8515,0.8881
688,Podilymbus podiceps,24.934172335600906,3.162154195011338,3.1820861678004535,0.8868,0.8875,0.8871
689,Poecilotriccus albifacies,5.640294784580498,1.2447165532879818,2.1271655328798187,0.7261,0.8192,0.7699
690,Poecilotriccus latirostris,19.835646258503402,11.168956916099773,5.201020408163266,0.7923,0.6398,0.7079
691,Poecilotriccus plumbeiceps,12.708934240362812,4.228820861678005,5.818095238095237,0.686,0.7503,0.7167
692,Poecilotriccus pulchellus,14.055895691609978,0.8168253968253968,2.06031746031746,0.8722,0.9451,0.9072
693,Polioptila plumbea,31.39954648526077,5.559274376417234,6.205147392290249,0.835,0.8496,0.8422
694,Polytmus guainumbi,8.867777777777778,5.402902494331066,3.9228798185941045,0.6933,0.6214,0.6554
695,Polytmus theresiae,24.646689342403626,4.121201814058956,4.644625850340136,0.8414,0.8567,0.849
696,Porphyrio flavirostris,1.1223809523809525,0.047619047619047616,0.0636734693877551,0.9463,0.9593,0.9528
697,Porphyrio martinica,11.53639455782313,1.0798866213151928,21.462743764172334,0.3496,0.9144,0.5058
698,Porphyrolaema porphyrolaema,18.155895691609977,2.554920634920635,11.355736961451248,0.6152,0.8766,0.723
699,Premnoplex brunnescens,25.31526077097506,6.0678458049886626,3.917278911564626,0.866,0.8067,0.8353
700,Premnornis guttuliger,54.80768707482993,4.639818594104308,6.69344671201814,0.8912,0.922,0.9063
701,Primolius couloni,23.53977324263039,8.850861678004534,2.855668934240363,0.8918,0.7267,0.8009
702,Progne chalybea,8.867981859410431,8.430090702947846,2.9613832199546484,0.7497,0.5127,0.6089
703,Progne elegans,45.64689342403628,6.171655328798186,5.795102040816326,0.8873,0.8809,0.8841
704,Progne subis,61.20145124716554,3.639659863945578,218.8454195011338,0.2185,0.9439,0.3549
705,Progne tapera,48.2840589569161,1.5363492063492064,5.979614512471656,0.8898,0.9692,0.9278
706,Psarocolius angustifrons,53.5046485260771,17.470113378684808,4.810408163265306,0.9175,0.7539,0.8277
707,Psarocolius atrovirens,14.805646258503401,6.193401360544217,11.217709750566893,0.5689,0.7051,0.6297
708,Psarocolius bifasciatus,41.78448979591837,26.623628117913835,15.694693877551021,0.7269,0.6108,0.6638
709,Psarocolius decumanus,14.231927437641723,6.234036281179138,13.535532879818593,0.5125,0.6954,0.5901
710,Pseudastur albicollis,13.375102040816326,1.8608163265306121,3.7990022675736963,0.7788,0.8779,0.8254
711,Pseudocolopteryx acutipennis,6.1893197278911565,1.6121768707482995,1.6701360544217687,0.7875,0.7934,0.7904
712,Pseudotriccus ruficeps,18.095532879818595,17.975850340136056,9.067414965986394,0.6662,0.5017,0.5723
713,Pseudotriccus simplex,1.4334467120181407,0.6034693877551021,0.0781859410430839,0.9483,0.7037,0.8079
714,Psittacara leucophthalmus,28.94657596371882,8.022380952380953,7.204739229024943,0.8007,0.783,0.7918
715,Psophia leucoptera,36.33451247165533,12.11954648526077,10.75859410430839,0.7715,0.7499,0.7606
716,Pteroglossus azara,74.76167800453516,10.644036281179138,17.141156462585034,0.8135,0.8754,0.8433
717,Pteroglossus beauharnaesii,32.427301587301585,2.4015873015873015,4.01453514739229,0.8898,0.931,0.91
718,Pteroglossus castanotis,22.967142857142857,4.096462585034013,4.749478458049887,0.8286,0.8486,0.8385
719,Pteroglossus inscriptus,58.63235827664399,7.600839002267573,5.228185941043083,0.9181,0.8852,0.9014
720,Pulsatrix melanota,48.95181405895691,2.648888888888889,16.255986394557823,0.7507,0.9487,0.8382
721,Pulsatrix perspicillata,16.319931972789114,1.2387528344671201,17.098934240362812,0.4883,0.9295,0.6403
722,Pygiptila stellaris,34.721337868480724,12.725192743764172,3.7902721088435376,0.9016,0.7318,0.8079
723,Pyrilia barrabandi,7.770272108843537,0.7924036281179139,2.6924716553287986,0.7427,0.9075,0.8168
724,Pyrocephalus rubinus,22.758276643990932,6.042494331065759,6.844739229024943,0.7688,0.7902,0.7793
725,Pyrrhomyias cinnamomeus,23.556462585034016,2.793356009070295,13.892970521541951,0.629,0.894,0.7385
726,Pyrrhura roseifrons,29.781995464852606,5.171995464852608,1.5084580498866211,0.9518,0.852,0.8992
727,Pyrrhura rupicola,3.6662585034013606,0.5898185941043084,0.8686394557823129,0.8085,0.8614,0.8341
728,Querula purpurata,14.34437641723356,1.5128344671201814,1.6556462585034013,0.8965,0.9046,0.9005
729,Ramphastos toco,8.974625850340136,2.6473922902494333,6.979931972789116,0.5625,0.7722,0.6509
730,Ramphastos tucanus,209.0662358276644,8.846167800453514,17.863514739229025,0.9213,0.9594,0.94
731,Ramphastos vitellinus,28.758095238095237,1.9305215419501134,2.13859410430839,0.9308,0.9371,0.9339
732,Ramphocaenus melanurus,53.647006802721094,2.4790022675736965,3.6172789115646258,0.9368,0.9558,0.9462
733,Ramphocaenus sticturus,55.66265306122449,5.68639455782313,7.004784580498866,0.8882,0.9073,0.8977
734,Ramphocelus carbo,47.011587301587305,42.09718820861678,11.430272108843537,0.8044,0.5276,0.6372
735,Ramphocelus nigrogularis,54.0978231292517,9.347619047619048,13.780045351473923,0.797,0.8527,0.8239
736,Ramphotrigon fuscicauda,21.017913832199547,9.698526077097505,2.747460317460318,0.8844,0.6843,0.7716
737,Ramphotrigon megacephalum,34.20149659863945,1.6778911564625851,2.7053968253968255,0.9267,0.9532,0.9398
738,Ramphotrigon ruficauda,20.235895691609976,0.683469387755102,2.7175963718820864,0.8816,0.9673,0.9225
739,Rhegmatorhina melanosticta,50.46204081632653,3.458798185941043,11.584603174603174,0.8133,0.9359,0.8703
740,Rhynchocyclus fulvipectus,3.1608616780045353,0.5303401360544218,0.07170068027210885,0.9778,0.8563,0.913
741,Rhynchocyclus olivaceus,14.283537414965986,12.365192743764172,2.0653514739229024,0.8737,0.536,0.6644
742,Rhynchotus rufescens,6.34390022675737,1.790816326530612,5.121224489795918,0.5533,0.7799,0.6473
743,Rhytipterna simplex,14.887120181405894,7.9930612244897965,6.328231292517007,0.7017,0.6507,0.6752
744,Riparia riparia,31.190725623582765,2.9739229024943308,13.972086167800455,0.6906,0.913,0.7864
745,Rollandia rolland,12.708299319727892,3.7665079365079364,4.338367346938775,0.7455,0.7714,0.7582
746,Rostrhamus sociabilis,4.301632653061224,0.02836734693877551,1.7073015873015873,0.7159,0.9934,0.8321
747,Rupicola peruvianus,114.58215419501136,5.194240362811792,7.208571428571429,0.9408,0.9566,0.9487
748,Rupornis magnirostris,26.593038548752837,1.1901360544217687,3.1976643990929707,0.8927,0.9572,0.9238
749,Rynchops niger,74.25496598639455,3.181201814058957,7.51482993197279,0.9081,0.9589,0.9328
750,Saltator coerulescens,18.57954648526077,0.576281179138322,1.867437641723356,0.9087,0.9699,0.9383
751,Saltator grossus,20.44063492063492,1.3977777777777778,1.1873242630385488,0.9451,0.936,0.9405
752,Saltator maximus,40.61369614512472,5.01172335600907,4.2004535147392295,0.9063,0.8902,0.8981
753,Sarcoramphus papa,5.089886621315193,0.9753968253968254,19.142607709750568,0.21,0.8392,0.336
754,Satrapa icterophrys,0.40718820861678007,0.0,0.15095238095238095,0.7295,1.0,0.8436
755,Sayornis nigricans,22.455600907029478,9.188390022675739,13.115873015873015,0.6313,0.7096,0.6682
756,Schiffornis aenea,35.58786848072562,10.159115646258503,5.051360544217688,0.8757,0.7779,0.8239
757,Schiffornis major,26.273265306122447,1.8833333333333335,4.591950113378685,0.8512,0.9331,0.8903
758,Schiffornis turdina,20.119773242630387,0.17943310657596373,3.9478684807256235,0.836,0.9912,0.907
759,Schistes geoffroyi,29.851065759637187,1.2636734693877552,7.484625850340136,0.7995,0.9594,0.8722
760,Schistochlamys melanopis,9.643922902494332,0.9701814058956917,2.097573696145125,0.8214,0.9086,0.8628
761,Sciaphylax hemimelaena,20.869274376417234,0.4049206349206349,8.293469387755101,0.7156,0.981,0.8275
762,Sclateria naevia,67.83424036281178,3.40281179138322,2.3983446712018144,0.9659,0.9522,0.959
763,Sclerurus albigularis,97.31394557823128,19.881836734693877,6.8225396825396825,0.9345,0.8304,0.8793
764,Sclerurus caudacutus,65.27154195011337,12.724149659863947,75.5121768707483,0.4636,0.8369,0.5967
765,Sclerurus mexicanus,5.855238095238096,0.46476190476190476,4.819138321995465,0.5485,0.9265,0.6891
766,Scytalopus atratus,59.24868480725624,3.307732426303855,3.8676190476190477,0.9387,0.9471,0.9429
767,Scytalopus bolivianus,44.01510204081632,1.2865079365079366,2.519795918367347,0.9459,0.9716,0.9586
768,Scytalopus schulenbergi,142.76102040816326,4.216394557823129,6.0790929705215415,0.9592,0.9713,0.9652
769,Scytalopus simonsi,71.1184126984127,35.236870748299324,3.7366893424036283,0.9501,0.6687,0.7849
770,Selenidera reinwardtii,11.760045351473924,7.320022675736961,1.7050340136054423,0.8734,0.6164,0.7227
771,Serpophaga cinerea,6.639954648526077,0.20081632653061224,0.6624489795918367,0.9093,0.9706,0.939
772,Serpophaga hypoleuca,19.571224489795917,0.8229024943310658,9.754467120181406,0.6674,0.9597,0.7873
773,Setopagis parvula,18.188390022675737,1.5708843537414965,2.325419501133787,0.8866,0.9205,0.9033
774,Setophaga cerulea,33.154104308390025,4.65249433106576,31.49716553287982,0.5128,0.8769,0.6472
775,Setophaga fusca,6.432539682539683,1.2577777777777777,7.148843537414966,0.4736,0.8364,0.6048
776,Setophaga palmarum,7.430839002267573,15.979433106575964,2.614512471655329,0.7397,0.3174,0.4442
777,Setophaga petechia,25.48918367346939,0.5923356009070295,5.072857142857142,0.834,0.9773,0.9
778,Setophaga pitiayumi,29.183061224489798,1.8081632653061224,4.045804988662131,0.8782,0.9417,0.9088
779,Setophaga striata,24.25603174603175,8.453809523809525,16.35138321995465,0.5973,0.7416,0.6617
780,Sicalis flaveola,40.41591836734693,17.44687074829932,9.076485260770975,0.8166,0.6985,0.7529
781,Sicalis luteola,2.359024943310658,5.570226757369615,0.5241496598639456,0.8182,0.2975,0.4364
782,Sirystes albocinereus,55.359092970521544,4.8310204081632655,8.039115646258503,0.8732,0.9197,0.8959
783,Sittasomus griseicapillus,29.08528344671202,0.16541950113378684,3.838843537414966,0.8834,0.9943,0.9356
784,Snowornis subalaris,2.2102721088435375,0.6808163265306122,1.6335374149659863,0.575,0.7645,0.6564
785,Spatula cyanoptera,4.453628117913832,2.933310657596372,6.599569160997732,0.4029,0.6029,0.483
786,Spatula discors,41.4108843537415,32.185963718820865,5.963015873015872,0.8741,0.5627,0.6846
787,Spatula puna,1.8376190476190477,0.22988662131519275,0.30192743764172336,0.8589,0.8888,0.8736
788,Spinus magellanicus,79.83764172335601,2.6010657596371884,8.720544217687076,0.9015,0.9684,0.9338
789,Spinus olivaceus,64.39376417233561,14.305442176870748,7.286712018140589,0.8983,0.8182,0.8564
790,Spizaetus isidori,69.28662131519275,3.607596371882086,2.178458049886621,0.9695,0.9505,0.9599
791,Spizaetus melanoleucus,38.31507936507936,14.85732426303855,7.987369614512471,0.8275,0.7206,0.7703
792,Spizaetus ornatus,47.52569160997733,4.4970748299319725,8.797278911564627,0.8438,0.9136,0.8773
793,Spizaetus tyrannus,18.17875283446712,0.36811791383219955,0.5886394557823129,0.9686,0.9802,0.9744
794,Sporophila bouvronides,37.941700680272106,13.48780045351474,5.068095238095238,0.8822,0.7377,0.8035
795,Sporophila caerulescens,15.240680272108843,6.260045351473923,5.9654875283446716,0.7187,0.7088,0.7137
796,Sporophila castaneiventris,62.13523809523809,6.777324263038548,28.957913832199548,0.6821,0.9017,0.7767
797,Sporophila hypochroma,25.050385487528345,0.38095238095238093,6.8566439909297054,0.7851,0.985,0.8738
798,Sporophila hypoxantha,5.315374149659864,0.5603854875283447,13.568412698412697,0.2815,0.9046,0.4294
799,Sporophila leucoptera,22.914761904761903,10.003537414965987,5.625215419501134,0.8029,0.6961,0.7457
800,Sporophila lineola,19.359115646258502,2.8383446712018143,3.479637188208617,0.8476,0.8721,0.8597
801,Sporophila luctuosa,3.6952834467120184,0.16671201814058956,0.5373015873015873,0.8731,0.9568,0.913
802,Sporophila nigricollis,29.189478458049887,5.031020408163265,11.349433106575963,0.72,0.853,0.7809
803,Sporophila plumbea,64.48174603174604,7.505056689342403,20.314580498866214,0.7604,0.8957,0.8226
804,Sporophila ruficollis,3.2822675736961453,4.167414965986395,25.740997732426305,0.1131,0.4406,0.18
805,Sporophila schistacea,37.862358276643995,5.7838095238095235,3.55578231292517,0.9141,0.8675,0.8902
806,Steatornis caripensis,14.249183673469387,2.850839002267574,3.6125170068027215,0.7978,0.8333,0.8151
807,Stelgidopteryx ruficollis,5.473106575963719,0.10671201814058957,0.8060090702947846,0.8716,0.9809,0.923
808,Sterna hirundo,32.61403628117914,21.343424036281178,27.48673469387755,0.5427,0.6044,0.5719
809,Sternula superciliaris,76.61210884353741,3.76718820861678,2.542585034013605,0.9679,0.9531,0.9604
810,Streptoprocne rutila,18.047619047619047,1.4990702947845804,0.6268027210884354,0.9664,0.9233,0.9444
811,Streptoprocne zonaris,96.50913832199547,2.442562358276644,3.0840589569161,0.969,0.9753,0.9722
812,Sublegatus modestus,29.816122448979595,4.099206349206349,5.261791383219955,0.85,0.8791,0.8643
813,Sublegatus obscurior,12.684784580498865,0.030498866213151926,1.9093197278911567,0.8692,0.9976,0.929
814,Synallaxis albescens,76.22884353741497,32.152471655328796,17.116689342403628,0.8166,0.7033,0.7558
815,Synallaxis albigularis,85.15253968253967,9.8621768707483,7.6354875283446715,0.9177,0.8962,0.9068
816,Synallaxis cabanisi,25.129818594104307,2.7489795918367346,9.352222222222222,0.7288,0.9014,0.8059
817,Synallaxis cherriei,37.889160997732425,6.529478458049886,6.517641723356009,0.8532,0.853,0.8531
818,Synallaxis gujanensis,24.74766439909297,5.723945578231293,1.934920634920635,0.9275,0.8122,0.866
819,Synallaxis hypospodia,30.63176870748299,11.221904761904762,1.4077324263038549,0.9561,0.7319,0.8291
820,Synallaxis rutilans,53.44213151927438,13.04501133786848,3.5147619047619045,0.9383,0.8038,0.8659
821,Syndactyla rufosuperciliata,18.846371882086167,12.577845804988662,8.386054421768707,0.6921,0.5997,0.6426
822,Syndactyla striata,29.242290249433108,14.600997732426304,0.6693197278911565,0.9776,0.667,0.793
823,Syndactyla ucayalae,4.7700226757369615,3.237981859410431,15.270793650793651,0.238,0.5957,0.3401
824,Tachornis squamata,9.115102040816327,0.1892063492063492,2.861632653061225,0.7611,0.9797,0.8566
825,Tachybaptus dominicus,72.20585034013605,27.284625850340134,12.456643990929706,0.8529,0.7258,0.7842
826,Tachycineta albiventer,18.733945578231292,2.520430839002268,1.9408616780045351,0.9061,0.8814,0.8936
827,Tachycineta leucorrhoa,6.802766439909297,2.7308843537414966,1.9181405895691612,0.7801,0.7136,0.7453
828,Tachyphonus phoenicius,78.60832199546485,22.271292517006803,22.746575963718822,0.7756,0.7792,0.7774
829,Tachyphonus rufus,40.73424036281179,2.370453514739229,3.5160997732426305,0.9205,0.945,0.9326
830,Tangara arthus,12.909002267573698,1.1229251700680272,1.2221995464852609,0.9135,0.92,0.9167
831,Tangara callophrys,28.71371882086168,5.404058956916099,10.939909297052154,0.7241,0.8416,0.7785
832,Tangara chilensis,45.16925170068028,7.180362811791383,11.425714285714285,0.7981,0.8628,0.8292
833,Tangara chrysotis,81.64845804988663,8.920997732426304,9.065238095238096,0.9001,0.9015,0.9008
834,Tangara gyrola,43.40294784580499,6.0095238095238095,4.550589569160998,0.9051,0.8784,0.8915
835,Tangara mexicana,33.62886621315193,0.9373922902494332,2.4424943310657596,0.9323,0.9729,0.9522
836,Tangara nigroviridis,79.48142857142857,1.4597278911564626,11.960544217687076,0.8692,0.982,0.9221
837,Tangara schrankii,45.87095238095238,9.001609977324263,3.3300907029478455,0.9323,0.836,0.8815
838,Tangara velia,82.50775510204082,14.50641723356009,9.790090702947845,0.8939,0.8505,0.8717
839,Tangara xanthocephala,30.886961451247164,34.69839002267574,2.4804988662131517,0.9257,0.4709,0.6243
840,Tapera naevia,30.834036281179138,36.726938775510206,2.049637188208617,0.9377,0.4564,0.614
841,Taphrospilus hypostictus,25.677573696145124,1.7907709750566894,8.650294784580499,0.748,0.9348,0.831
842,Taraba major,46.494081632653064,5.0862585034013605,27.645419501133787,0.6271,0.9014,0.7396
843,Terenotriccus erythrurus,46.31612244897959,3.681746031746032,8.000861678004535,0.8527,0.9264,0.888
844,Tersina viridis,37.488503401360546,5.903537414965987,5.121814058956916,0.8798,0.8639,0.8718
845,Thalurania furcata,25.556984126984126,20.591383219954647,6.303537414965986,0.8022,0.5538,0.6552
846,Thamnistes anabatinus,20.136507936507936,5.725147392290249,0.677437641723356,0.9675,0.7786,0.8628
847,Thamnomanes ardesiacus,15.285283446712018,1.4687301587301587,3.4496825396825397,0.8159,0.9123,0.8614
848,Thamnomanes schistogynus,9.535850340136054,2.678798185941043,8.045578231292517,0.5424,0.7807,0.6401
849,Thamnophilus aethiops,46.99233560090703,6.74750566893424,5.273333333333333,0.8991,0.8744,0.8866
850,Thamnophilus amazonicus,16.672721088435374,2.82156462585034,4.164557823129251,0.8001,0.8553,0.8268
851,Thamnophilus caerulescens,16.055873015873015,11.200136054421769,2.906621315192744,0.8467,0.5891,0.6948
852,Thamnophilus doliatus,36.107891156462586,4.213356009070295,2.3805215419501136,0.9381,0.8955,0.9163
853,Thamnophilus murinus,38.05591836734694,9.237052154195013,8.949546485260772,0.8096,0.8047,0.8071
854,Thamnophilus palliatus,62.230430839002274,4.325873015873016,9.966780045351474,0.862,0.935,0.897
855,Thamnophilus ruficapillus,52.01024943310658,6.158752834467121,2.2456009070294787,0.9586,0.8941,0.9252
856,Thamnophilus schistaceus,20.778299319727893,3.052154195011338,15.314988662131519,0.5757,0.8719,0.6935
857,Theristicus branickii,3.9635147392290246,4.327596371882086,0.641156462585034,0.8608,0.478,0.6147
858,Theristicus caudatus,15.945419501133788,6.936031746031746,3.075487528344671,0.8383,0.6969,0.7611
859,Thlypopsis ruficeps,33.81557823129252,1.6848072562358276,2.9752154195011338,0.9191,0.9525,0.9355
860,Thlypopsis sordida,33.42689342403628,1.0968027210884352,1.5889569160997734,0.9546,0.9682,0.9614
861,Thraupis episcopus,18.419274376417235,0.45249433106575965,0.3714512471655329,0.9802,0.976,0.9781
862,Thraupis palmarum,39.24936507936508,2.241428571428571,1.2709070294784581,0.9686,0.946,0.9572
863,Thraupis sayaca,28.353854875283446,3.9719274376417233,2.436734693877551,0.9209,0.8771,0.8985
864,Threnetes leucurus,108.6288888888889,34.64521541950113,5.723446712018141,0.9499,0.7582,0.8433
865,Thripadectes holostictus,25.72768707482993,15.137732426303856,3.6442630385487527,0.8759,0.6296,0.7326
866,Thripadectes melanorhynchus,13.229115646258503,2.5568027210884354,3.1211791383219953,0.8091,0.838,0.8233
867,Thripadectes scrutator,42.91365079365079,10.224897959183673,4.714353741496598,0.901,0.8076,0.8517
868,Thripophaga fusciceps,46.66532879818594,2.186893424036281,0.7009750566893425,0.9852,0.9552,0.97
869,Tigrisoma fasciatum,34.32655328798186,1.8098639455782313,3.100249433106576,0.9172,0.9499,0.9333
870,Tigrisoma lineatum,6.881655328798185,4.884331065759637,0.9788208616780045,0.8755,0.5849,0.7013
871,Tinamus guttatus,25.366507936507936,2.07015873015873,2.3983219954648525,0.9136,0.9245,0.9191
872,Tinamus major,54.87596371882086,46.151700680272114,4.217210884353742,0.9286,0.5432,0.6854
873,Tinamus osgoodi,6.3356235827664396,0.01419501133786848,0.059727891156462584,0.9907,0.9978,0.9942
874,Tinamus tao,102.87238095238095,13.885850340136054,28.64770975056689,0.7822,0.8811,0.8287
875,Tityra cayana,12.352403628117916,8.667142857142858,3.4383219954648525,0.7823,0.5877,0.6711
876,Tityra inquisitor,20.477641723356008,24.068480725623584,4.010702947845805,0.8362,0.4597,0.5933
877,Tityra semifasciata,16.06126984126984,28.69108843537415,3.4271201814058956,0.8241,0.3589,0.5
878,Todirostrum chrysocrotaphum,118.44650793650794,19.1378231292517,5.272176870748299,0.9574,0.8609,0.9066
879,Todirostrum cinereum,33.04657596371882,4.278140589569161,14.637777777777778,0.693,0.8854,0.7775
880,Todirostrum maculatum,22.645147392290248,2.296530612244898,2.2385260770975055,0.91,0.9079,0.909
881,Tolmomyias assimilis,23.89374149659864,4.78421768707483,6.141882086167801,0.7955,0.8332,0.8139
882,Tolmomyias flaviventris,31.477777777777778,1.9012018140589568,3.529274376417234,0.8992,0.943,0.9206
883,Tolmomyias poliocephalus,41.02111111111111,16.703219954648524,17.746439909297052,0.698,0.7106,0.7043
884,Tolmomyias sulphurescens,32.78557823129252,12.728616780045352,3.1215646258503402,0.9131,0.7203,0.8053
885,Touit huetii,52.481201814058956,5.783514739229025,3.5693197278911564,0.9363,0.9007,0.9182
886,Trichothraupis melanops,11.600113378684807,7.368934240362812,107.28405895691611,0.0976,0.6115,0.1683
887,Tringa flavipes,30.594104308390023,2.5088208616780046,11.01027210884354,0.7354,0.9242,0.819
888,Tringa melanoleuca,18.332925170068027,1.3048526077097504,13.19952380952381,0.5814,0.9336,0.7165
889,Tringa solitaria,19.347437641723356,3.63265306122449,12.614013605442178,0.6053,0.8419,0.7043
890,Troglodytes aedon,24.532653061224487,1.2786621315192743,2.017074829931973,0.924,0.9505,0.9371
891,Troglodytes solstitialis,42.19047619047619,2.8795238095238096,27.130362811791382,0.6086,0.9361,0.7377
892,Trogon collaris,25.544399092970522,5.276281179138322,2.571950113378685,0.9085,0.8288,0.8668
893,Trogon curucui,79.30151927437642,3.511746031746031,2.8139682539682536,0.9657,0.9576,0.9616
894,Trogon melanurus,26.75251700680272,0.1874829931972789,0.7591383219954648,0.9724,0.993,0.9826
895,Trogon personatus,22.457619047619048,3.0024716553287982,4.798231292517007,0.824,0.8821,0.852
896,Trogon ramonianus,46.83,19.899115646258505,19.683446712018142,0.7041,0.7018,0.7029
897,Trogon rufus,18.482063492063492,15.60766439909297,1.029591836734694,0.9472,0.5422,0.6896
898,Trogon viridis,25.048639455782308,9.22453514739229,5.391632653061224,0.8229,0.7309,0.7741
899,Turdus albicollis,51.84179138321995,14.208390022675736,37.83151927437642,0.5781,0.7849,0.6658
900,Turdus amaurochalinus,43.0120634920635,1.9403174603174604,3.9228571428571426,0.9164,0.9568,0.9362
901,Turdus hauxwelli,6.252471655328798,3.054126984126984,2.444920634920635,0.7189,0.6718,0.6946
902,Turdus ignobilis,42.14081632653061,11.709319727891156,31.800861678004534,0.5699,0.7826,0.6595
903,Turdus lawrencii,162.75015873015874,21.576621315192742,49.13367346938775,0.7681,0.8829,0.8215
904,Turdus leucomelas,52.92235827664399,3.2966439909297054,6.434512471655329,0.8916,0.9414,0.9158
905,Turdus leucops,34.68095238095238,12.698480725623583,5.971791383219955,0.8531,0.732,0.7879
906,Turdus nigriceps,7.249251700680272,1.1009750566893424,1.4019274376417232,0.8379,0.8682,0.8528
907,Turdus sanchezorum,1.8159863945578232,0.033628117913832196,0.30029478458049885,0.8581,0.9818,0.9158
908,Tyranneutes stolzmanni,5.500793650793651,0.40950113378684805,6.569002267573696,0.4557,0.9307,0.6119
909,Tyrannopsis sulphurea,21.074308390022676,1.1155102040816325,17.437256235827665,0.5472,0.9497,0.6944
910,Tyrannulus elatus,7.412471655328798,0.8044897959183673,3.196235827664399,0.6987,0.9021,0.7875
911,Tyrannus albogularis,8.71829931972789,0.9575736961451247,9.162426303854875,0.4876,0.901,0.6328
912,Tyrannus melancholicus,17.288866213151927,0.783968253968254,3.8033106575963718,0.8197,0.9566,0.8829
913,Tyrannus savana,23.162675736961454,4.983061224489796,0.8839455782312925,0.9632,0.823,0.8876
914,Tyrannus tyrannus,140.72587301587302,11.081882086167802,28.662857142857145,0.8308,0.927,0.8763
915,Tyto alba,17.04108843537415,0.18562358276643992,1.726417233560091,0.908,0.9892,0.9469
916,Uropsalis lyra,92.85478458049886,6.585192743764173,36.88009070294785,0.7157,0.9338,0.8103
917,Vanellus chilensis,16.102018140589568,0.4388208616780045,7.326530612244897,0.6873,0.9735,0.8057
918,Veniliornis affinis,21.521746031746034,0.9826984126984127,3.7573922902494328,0.8514,0.9563,0.9008
919,Veniliornis passerinus,23.03374149659864,2.236938775510204,3.291836734693878,0.875,0.9115,0.8928
920,Vireo flavoviridis,62.712607709750564,14.302947845804988,28.807052154195013,0.6852,0.8143,0.7442
921,Vireo leucophrys,31.617074829931973,0.4312244897959184,2.0462585034013605,0.9392,0.9865,0.9623
922,Vireo olivaceus,122.21621315192745,23.688684807256237,44.12643990929705,0.7347,0.8376,0.7828
923,Vireolanius leucotis,55.818231292517005,3.477437641723356,8.095850340136053,0.8733,0.9414,0.9061
924,Volatinia jacarina,3.6660997732426304,0.10390022675736961,0.4269387755102041,0.8957,0.9724,0.9325
925,Willisornis poecilinotus,50.19823129251701,3.8730839002267574,5.343242630385488,0.9038,0.9284,0.9159
926,Xenopipo atronitens,6.491247165532879,1.0247392290249433,3.3903628117913835,0.6569,0.8637,0.7462
927,Xenops minutus,14.174761904761905,5.105215419501134,5.243854875283446,0.73,0.7352,0.7326
928,Xenops rutilans,70.689410430839,1.0437414965986394,2.6388662131519274,0.964,0.9854,0.9746
929,Xenops tenuirostris,2.9105668934240363,0.3734467120181406,11.787097505668934,0.198,0.8863,0.3237
930,Xenopsaris albinucha,4.903650793650794,0.2507709750566893,0.42192743764172336,0.9208,0.9513,0.9358
931,Xiphocolaptes promeropirhynchus,52.610068027210886,24.32092970521542,3.335668934240363,0.9404,0.6839,0.7919
932,Xiphorhynchus elegans,24.983333333333334,4.219863945578232,8.920249433106576,0.7369,0.8555,0.7918
933,Xiphorhynchus guttatus,41.17893424036281,7.131201814058957,24.01891156462585,0.6316,0.8524,0.7256
934,Xiphorhynchus obsoletus,36.866031746031744,2.8737868480725623,24.949954648526077,0.5964,0.9277,0.726
935,Xiphorhynchus ocellatus,3.34469387755102,0.44541950113378687,2.371020408163265,0.5852,0.8825,0.7037
936,Xiphorhynchus triangularis,15.316848072562358,0.8973469387755103,3.287845804988662,0.8233,0.9447,0.8798
937,Xolmis cinereus,10.748231292517007,1.7218820861678004,1.3913832199546485,0.8854,0.8619,0.8735
938,Zebrilus undulatus,16.420430839002268,2.479297052154195,14.14748299319728,0.5372,0.8688,0.6639
939,Zenaida auriculata,31.693106575963718,11.917732426303854,4.841746031746032,0.8675,0.7267,0.7909
940,Zentrygon frenata,13.006961451247165,13.972766439909297,3.0618367346938777,0.8095,0.4821,0.6043
941,Zimmerius bolivianus,22.188798185941042,0.7319954648526077,16.633877551020408,0.5715,0.9681,0.7187
942,Zimmerius cinereicapilla,24.392290249433106,0.7722448979591837,10.081020408163266,0.7076,0.9693,0.818
943,Zimmerius gracilipes,13.20233560090703,0.9350566893424036,2.1476643990929705,0.8601,0.9339,0.8955
944,Zonotrichia capensis,33.51979591836735,13.992766439909298,2.8290702947845805,0.9222,0.7055,0.7994
