SPECIES,ANNOTATION COUNT,PRECISION,RECALL,F1
Oporornis agilis,235,0.8611111111,0.9207920792,0.8899521531
Nyctidromus albicollis,196,0.5242718447,0.5242718447,0.5242718447
Nyctibius griseus,194,0.5882352941,0.8695652174,0.701754386
Turdus lawrencii,188,0.8504442378,0.6486486486,0.7359644096
Myiodynastes luteiventris,170,0.09395973154,1,0.1717791411
Piranga leucoptera,147,0.8965163773,0.825,0.8592726982
Liosceles thoracicus,145,0.2459016393,0.9677419355,0.3921568627
Tinamus tao,133,0.750575553,0.8641975309,0.8033890905
Grallaria guatimalensis,66,1,1,1
Mecocerculus leucophrys,54,1,1,1
Turdus ignobilis,127,0.7242890694,0.5230769231,0.6074542679
Phyllomyias uropygialis,125,0.4598888719,0.9423076923,0.6181113728
Synallaxis albigularis,52,0.9896785567,1,0.9948125071
Coccyzus erythropthalmus,53,0.986536676,1,0.9932227156
Psarocolius bifasciatus,119,0.8416167223,0.7636363636,0.800732469
Progne subis,117,0.325864863,0.9736842105,0.4883070263
Mycteria americana,130,1,0.9842519685,0.9920634921
Setophaga cerulea,111,0.5161290323,0.8888888889,0.6530612245
Akletos melanoceps,110,0.8133333333,0.9384615385,0.8714285714
Neoctantes niger,57,0.9836987071,1,0.9917823746
Phaethornis guy,55,0.9823182711,1,0.9910802775
Cacicus chrysonotus,105,0.5315212624,0.8113207547,0.6422709839
Psarocolius angustifrons,104,0.8178770917,0.8245614035,0.8212056459
Molothrus bonariensis,104,0.6666666667,0.5454545455,0.6
Hemitriccus griseipectus,80,0.9907996256,0.8205128205,0.8976516416
Tinamus major,100,0.8372093023,0.7346938776,0.7826086957
Chlorestes notata,58,0.9886632557,0.9827586207,0.9857020957
Patagioenas subvinacea,67,0.96875,1,0.9841269841
Himantopus mexicanus,59,0.984523974,0.9827586207,0.9836405053
Uropsalis lyra,93,0.7734000917,0.9107142857,0.8364592353
Turdus amaurochalinus,92,0.3167070013,0.9333333333,0.4729338614
Myiopagis gaimardii,91,0.7442489851,0.7857142857,0.7644197359
Zebrilus undulatus,91,0.4848484848,0.9142857143,0.6336633663
Phaethornis malaris,115,0.9871794872,0.6814159292,0.8062827225
Geothlypis aequinoctialis,86,0.9857142857,0.8625,0.92
Cymbilaimus lineatus,86,0.6550742781,0.8888888889,0.7542773813
Crypturellus cinereus,56,1,0.9636363636,0.9814814815
Patagioenas fasciata,82,0.8928571429,0.9259259259,0.9090909091
Campephilus melanoleucos,50,0.9782263127,0.9756097561,0.9769162823
Hafferia fortis,78,0.82,0.9111111111,0.8631578947
Trichothraupis melanops,78,0.4110145199,1,0.5825801423
Penelope jacquacu,61,0.9540101322,1,0.976463854
Celeus grammicus,76,0.8739730816,0.8695652174,0.8717635777
Ramphastos tucanus,105,0.9831023205,0.9805825243,0.9818408057
Vireolanius leucotis,61,0.9862525543,0.9636363636,0.9748132997
Progne tapera,74,0.8732165217,0.8545454545,0.8637801036
Dendrocolaptes certhia,74,0.8497350725,0.75,0.7967585575
Setophaga striata,74,0.5925391591,0.8518518519,0.6989181962
Cymbilaimus sanctaemariae,66,0.9487179487,1,0.9736842105
Paroaria gularis,73,0.8962957776,0.4210526316,0.5729504711
Lepidothrix coronata,73,0.8336889745,0.7924528302,0.8125480637
Tolmomyias assimilis,73,0.6875,0.6875,0.6875
Hylexetastes stresemanni,73,0.421875,0.9310344828,0.5806451613
Buteo albigula,50,0.9714285714,0.9714285714,0.9714285714
Sirystes albocinereus,54,0.962962781,0.98,0.9714066935
Psarocolius atrovirens,72,0.7352941176,0.7142857143,0.7246376812
Vireo olivaceus,100,0.9824194598,0.9285714286,0.9547367775
Hydropsalis torquata,64,0.9703209254,0.9672131148,0.9687645276
Rupicola peruvianus,120,0.9705882353,0.9428571429,0.9565217391
Tyrannus tyrannus,83,0.9648363867,1,0.9821035413
Catamenia homochroa,90,0.9527779432,0.8311688312,0.8878284272
Cranioleuca marcapatae,54,0.9820095844,0.9433962264,0.9623157165
Trogon ramonianus,70,0.8666666667,0.6341463415,0.7323943662
Tangara gyrola,70,0.8107841598,0.74,0.77377664
Sporophila castaneiventris,70,0.8091725664,0.7254901961,0.7650498575
Cercomacra manu,70,0.7820646507,0.9545454545,0.8597396217
Haplospiza rustica,105,0.950750076,0.8285714286,0.8854660011
Threnetes leucurus,97,0.9442878164,0.8705882353,0.9059416073
Myiopagis caniceps,69,0.8931307084,0.5769230769,0.7010188628
Helicolestes hamatus,69,0.8160351946,1,0.8986997576
Pseudotriccus ruficeps,69,0.5588235294,0.7037037037,0.6229508197
Hemitriccus rufigularis,64,0.9529639495,0.9642857143,0.9585914032
Catharus minimus,50,1,0.92,0.9583333333
Drymophila devillei,50,0.9189189189,1,0.9577464789
Iridosornis analis,68,0.8414675194,0.8695652174,0.8552856654
Pipreola arcuata,68,0.7999587118,0.8611111111,0.8294092466
Chiroxiphia pareola,68,0.2521432725,0.7272727273,0.3744617722
Sclerurus caudacutus,67,0.9768168794,0.9375,0.9567546881
Philydor pyrrhodes,95,0.941339675,0.5352112676,0.6824222398
Colibri delphinae,98,0.9400889167,0.9651162791,0.9524382143
Myrmotherula iheringi,124,0.9373280293,0.8952380952,0.9157997066
Nyctipolus nigrescens,51,0.975,0.9285714286,0.9512195122
Micrastur ruficollis,51,0.9809666698,0.92,0.9495056916
Thamnophilus palliatus,66,0.8363397835,0.85,0.8431145644
Picumnus aurifrons,66,0.756097561,0.7948717949,0.775
Piranga olivacea,129,0.9333333333,0.9032258065,0.9180327869
Myiotriccus ornatus,76,0.9852294856,0.9130434783,0.947763966
Myrmotherula brachyura,65,0.8235294118,0.8484848485,0.8358208955
Trogon collaris,59,0.9310344828,0.9642857143,0.9473684211
Schiffornis turdina,53,0.9310344828,0.9642857143,0.9473684211
Daptrius ater,64,0.8883449147,0.9,0.8941344778
Myrmotherula sclateri,64,0.8484848485,0.5957446809,0.7
Cnipodectes subbrunneus,64,0.7666666667,0.8214285714,0.7931034483
Xiphorhynchus triangularis,64,0.6944357372,0.7142857143,0.704220875
Pharomachrus auriceps,57,0.9735320961,0.9210526316,0.9465655306
Thamnophilus murinus,63,0.8680530236,0.7380952381,0.7978165135
Zenaida auriculata,63,0.8108108108,0.9677419355,0.8823529412
Ara chloropterus,63,0.5004407291,0.8461538462,0.6289195805
Myiozetetes granadensis,54,0.9336043379,0.9545454545,0.9439587692
Calidris himantopus,62,0.9560229446,0.9285714286,0.9420972534
Crypturellus obsoletus,62,0.8928571429,0.78125,0.8333333333
Sayornis nigricans,51,0.9803138457,0.9,0.9384417002
Todirostrum chrysocrotaphum,65,0.9454441289,0.9310344828,0.9381839794
Thamnophilus ruficapillus,51,0.9107025058,0.962962963,0.9361039075
Tolmomyias poliocephalus,60,0.7106822245,0.8095238095,0.7568897489
Sporophila bouvronides,60,0.6295155681,0.8235294118,0.7135699069
Celeus torquatus,60,0.5742484147,0.4285714286,0.4908288664
Myrmotherula multostriata,57,0.90625,0.9666666667,0.935483871
Myiarchus ferox,68,0.9853348354,0.8888888889,0.9346303493
Chaetura pelagica,75,0.9161566817,0.9538461538,0.9346216065
Pulsatrix melanota,59,0.7719599532,0.7419354839,0.756649987
Microrhopias quixensis,59,0.6034482759,1,0.752688172
Trogon curucui,68,0.9545454545,0.9130434783,0.9333333333
Cercomacroides serva,50,0.9339551053,0.9318181818,0.9328854198
Tyrannopsis sulphurea,58,0.8108108108,1,0.8955223881
Saltator maximus,58,0.6862745098,0.9210526316,0.7865168539
Phrygilus fruticeti,52,0.9444323029,0.9117647059,0.9278110425
Vireo flavoviridis,69,0.972436796,0.8787878788,0.9232436028
Phyllomyias plumbeiceps,54,0.9286357497,0.9166666667,0.922612391
Capito auratus,62,0.9651611373,0.8813559322,0.9213567618
Calidris bairdii,57,0.8900316456,0.9574468085,0.9225092251
Zonotrichia capensis,57,0.8571428571,0.8571428571,0.8571428571
Sclateria naevia,57,0.8155010779,0.95,0.8776273588
Pachyramphus marginatus,57,0.6721255653,0.9166666667,0.7755766791
Rhegmatorhina melanosticta,57,0.6333333333,0.6333333333,0.6333333333
Attila bolivianus,50,0.9534883721,0.8913043478,0.9213483146
Scytalopus schulenbergi,74,0.9750966632,0.9545454545,0.9647116209
Ramphocelus nigrogularis,58,0.9890198611,0.8596491228,0.9198077789
Spinus olivaceus,56,0.8327331653,0.8222222222,0.8274443152
Myiopagis viridicata,56,0.5593549395,0.8333333333,0.6693947602
Donacobius atricapilla,55,0.9648083355,0.8775510204,0.9191133495
Poecilotriccus latirostris,50,0.9189189189,0.9189189189,0.9189189189
Chamaepetes goudotii,52,0.9085464519,0.9285714286,0.918449802
Nyctiphrynus ocellatus,73,0.9565745933,0.9850746269,0.9706154446
Cranioleuca gutturata,69,0.9291056874,0.9056603774,0.917233236
Contopus virens,63,0.9630142346,0.875,0.9168998144
Synallaxis albescens,72,0.9733456195,1,0.9864927967
Crypturellus soui,55,0.9,0.9230769231,0.9113924051
Micrastur semitorquatus,55,0.8152807608,0.9487179487,0.8769524454
Pipra fasciicauda,55,0.7442283541,0.8947368421,0.8125718946
Notharchus hyperrhynchus,55,0.6666776096,0.88,0.7586277745
Psarocolius decumanus,55,0.6071428571,0.85,0.7083333333
Xiphorhynchus guttatus,55,0.5687973998,0.75,0.6469500924
Dryocopus lineatus,56,0.9265693769,0.8888888889,0.9073380969
Sclerurus albigularis,72,0.9626777251,0.9558823529,0.9592680047
Myiodynastes maculatus,52,0.9534453221,0.86,0.9043150814
Phlegopsis erythroptera,55,0.9045227709,0.9,0.9022557176
Crypturellus strigulosus,59,0.9473684211,0.8571428571,0.9
Tolmomyias sulphurescens,71,0.9786517984,0.7894736842,0.8739423174
Spizaetus isidori,54,0.875,0.7777777778,0.8235294118
Rhytipterna simplex,54,0.7904826917,0.85,0.8191616911
Turdus albicollis,54,0.7350979939,0.972972973,0.8374716208
Pilherodius pileatus,54,0.4705882353,0.4210526316,0.4444444444
Baryphthengus martii,66,0.92,0.8679245283,0.8932038835
Progne elegans,51,0.9024390244,0.880952381,0.8915662651
Iodopleura isabellae,53,0.9411764706,0.8421052632,0.8888888889
Attila cinnamomeus,71,0.9739843202,0.9253731343,0.9490566623
Xiphocolaptes promeropirhynchus,53,0.88,0.6470588235,0.7457627119
Ramphocelus carbo,71,0.9608043305,0.9692307692,0.9649991551
Lophostrix cristata,55,0.9333333333,0.8235294118,0.875
Micropygia schomburgkii,70,0.9789517017,0.9558823529,0.9672794975
Myrmotherula schisticolor,55,0.9785844052,0.7674418605,0.8602466656
Ara macao,55,0.9296036361,0.7872340426,0.8525158057
Pheugopedius coraya,52,0.8524162827,0.88,0.8659885459
Platyrinchus platyrhynchos,52,0.8383822921,0.9444444444,0.8882584963
Myiobius villosus,52,0.5393080966,0.6086956522,0.5719049157
Patagioenas cayennensis,68,0.9469906674,0.7538461538,0.839451808
Pipreola intermedia,51,0.9285714286,0.7647058824,0.8387096774
Catharus fuscescens,65,0.9545454545,0.7368421053,0.8316831683
Hypocnemoides maculicauda,56,0.9478331674,0.7391304348,0.8305719699
Streptoprocne zonaris,54,0.9043898707,0.75,0.819991001
Aeronautes montivagus,60,0.9215007815,0.7234042553,0.8105240992
Patagioenas speciosa,51,0.8932474217,0.652173913,0.7539078868
Lamprospiza melanoleuca,51,0.8261408353,0.9047619048,0.8636658068
Dendrexetastes rufigula,51,0.7368421053,0.7777777778,0.7567567568
Turdus leucomelas,70,0.9713290461,0.9508196721,0.9609649413
Milvago chimachima,55,0.9190026779,0.652173913,0.7629308838
Tachybaptus dominicus,52,0.9161983875,0.652173913,0.7619628162
Terenotriccus erythrurus,67,0.9290184545,0.6,0.729109673
Grallaria eludens,57,1,0.55,0.7096774194
Clibanornis rubiginosus,70,0.9669571848,0.9852941176,0.9760395345
Tangara chrysotis,53,1,0.44,0.6111111111
Cathartes aura,50,0.9172781855,0.22,0.3548845012
Odontophorus speciosus,50,0.8720540734,0.7441860465,0.8030619525
Xiphorhynchus ocellatus,50,0.8647369379,0.95,0.9053654817
Arundinicola leucocephala,50,0.3575033647,1,0.5267071508
Chlorospingus flavopectus,49,1,0.9583333333,0.9787234043
Tachyphonus phoenicius,49,1,0.4081632653,0.5797101449
Lochmias nematura,49,0.9777777778,0.9565217391,0.967032967
Tangara xanthocephala,49,0.9722222222,0.6363636364,0.7692307692
Pionus menstruus,49,0.9642857143,0.6,0.7397260274
Elanus leucurus,49,0.9583333333,0.9787234043,0.9684210526
Elaenia albiceps,49,0.8886719955,0.975,0.9298365782
Circus cinereus,49,0.8469338215,0.88,0.8631503462
Setophaga pitiayumi,49,0.8333333333,0.8333333333,0.8333333333
Formicarius rufifrons,49,0.7895187006,1,0.8823810563
Nystalus striolatus,49,0.786882666,0.8333333333,0.8094421426
Myadestes ralloides,49,0.7777777778,0.65625,0.7118644068
Nomonyx dominicus,48,0.9285714286,0.7878787879,0.8524590164
Mionectes oleagineus,48,0.8981594748,0.9756097561,0.9352839525
Rhynchocyclus olivaceus,48,0.8,0.5454545455,0.6486486486
Accipiter poliogaster,48,0.6457167456,0.8571428571,0.7365578198
Spinus magellanicus,47,1,0.9761904762,0.9879518072
Forpus xanthopterygius,47,0.9523809524,1,0.9756097561
Falco sparverius,47,0.9272708966,0.8918918919,0.9092373695
Cyanocorax violaceus,47,0.9125887924,0.9487179487,0.9303027255
Premnoplex brunnescens,47,0.8303677343,0.9032258065,0.8652657602
Sterna hirundo,47,0.7954545455,0.9722222222,0.875
Sarcoramphus papa,47,0.1314405889,0.25,0.172294969
Ramphotrigon ruficauda,46,0.95,0.9047619048,0.9268292683
Pteroglossus azara,46,0.945394384,0.8863636364,0.9149278395
Phaeomyias murina,46,0.9252626552,0.8378378378,0.8793827301
Myrmotherula menetriesii,46,0.92,0.92,0.92
Spizaetus melanoleucus,46,0.9166666667,1,0.9565217391
Hemitriccus cohnhafti,46,0.9166666667,0.25,0.3928571429
Myiarchus swainsoni,46,0.7869147601,0.7857142857,0.7863140647
Momotus aequatorialis,46,0.7773562599,0.6956521739,0.7342382565
Phalaropus tricolor,46,0.2820512821,0.9166666667,0.431372549
Tapera naevia,45,0.9736842105,0.880952381,0.925
Contopus nigrescens,45,0.9667616924,0.9756097561,0.9711655715
Syndactyla striata,45,0.9615384615,0.8,0.8733624454
Sporophila plumbea,45,0.8461538462,0.3142857143,0.4583333333
Pheucticus aureoventris,45,0.7483173489,0.7333333333,0.740749574
Laniisoma elegans,45,0.6666666667,1,0.8
Xiphorhynchus obsoletus,45,0.5451713396,1,0.7056451613
Piculus leucolaemus,45,0.4545454545,0.8333333333,0.5882352941
Chiroxiphia boliviana,44,0.9828576763,1,0.9913547382
Grallaricula leymebambae,44,0.9784561287,0.8888888889,0.9315244616
Amblycercus holosericeus,44,0.9757477122,0.8837209302,0.9274570769
Legatus leucophaius,44,0.9599213333,1,0.9795508799
Ara militaris,44,0.9456536461,0.8275862069,0.8826892907
Tersina viridis,44,0.9230260753,0.8205128205,0.8687557591
Cyclarhis gujanensis,44,0.9090909091,0.75,0.8219178082
Parabuteo unicinctus,44,0.8281347898,0.9047619048,0.8647541567
Syndactyla ucayalae,44,0.8217324053,0.68,0.7441779023
Lepidocolaptes fuscicapillus,44,0.7907594114,0.3333333333,0.4689763753
Picumnus subtilis,44,0.7037037037,0.76,0.7307692308
Arremon castaneiceps,43,1,1,1
Pipreola frontalis,43,1,0.8611111111,0.9253731343
Scytalopus simonsi,43,0.9798627988,0.9756097561,0.9777316524
Synallaxis gujanensis,43,0.9734778001,0.8571428571,0.9116138176
Piaya melanogaster,43,0.9668935644,0.78125,0.8642146018
Conopophaga peruviana,43,0.9,0.8709677419,0.8852459016
Herpsilochmus axillaris,43,0.8947319163,0.8421052632,0.8676212886
Synallaxis rutilans,43,0.8258738278,0.8611111111,0.843124456
Cnipodectes superrufus,43,0.7239538389,1,0.8398761296
Ramphocaenus melanurus,42,1,0.75,0.8571428571
Monasa nigrifrons,42,0.9848905807,0.9024390244,0.9418637766
Myrmothera campanisona,42,0.952401109,0.8333333333,0.8888976681
Euchrepomis humeralis,42,0.9169397746,0.8064516129,0.8581539464
Bucco tamatia,42,0.9031077844,0.8888888889,0.8959419255
Piprites chloris,42,0.7605198646,0.9,0.824401915
Sciaphylax hemimelaena,42,0.7407407407,0.9523809524,0.8333333333
Phaethornis hispidus,41,1,1,1
Catharus fuscater,41,0.9798189743,0.975,0.9774035473
Mitu tuberosum,41,0.9700176367,0.6111111111,0.7498295842
Dendrocolaptes picumnus,41,0.962962963,0.9285714286,0.9454545455
Ramphocaenus sticturus,41,0.9465416033,0.9117647059,0.928827742
Thripadectes scrutator,41,0.9136995992,0.96875,0.940419852
Odontophorus gujanensis,41,0.9089046279,0.7567567568,0.8258818086
Mionectes macconnelli,41,0.8763808906,0.9444444444,0.9091405391
Accipiter superciliosus,41,0.8725994678,1,0.9319659466
Myiothlypis chrysogaster,41,0.8065903345,0.9393939394,0.8679414622
Orthopsittaca manilatus,41,0.801160793,0.9375,0.8639847939
Falco femoralis,41,0.5319763995,0.9090909091,0.6711898962
Spizaetus ornatus,40,1,0.9166666667,0.9565217391
Corythopis torquatus,40,1,0.8235294118,0.9032258065
Tangara velia,40,0.9819900301,0.875,0.9254129127
Tangara nigroviridis,40,0.9727072985,0.6842105263,0.8033428848
Amazona ochrocephala,40,0.933513121,0.9459459459,0.9396884113
Micrastur gilvicollis,40,0.8684210526,1,0.9295774648
Myiarchus tyrannulus,40,0.8301748043,0.8709677419,0.8500821713
Thamnophilus aethiops,40,0.801723706,0.9642857143,0.875522755
Busarellus nigricollis,40,0.7741935484,0.8571428571,0.813559322
Trogon rufus,40,0.7037037037,0.8260869565,0.76
Chlorospingus canigularis,39,1,0.9743589744,0.987012987
Bolborhynchus orbygnesius,39,0.9714813861,0.9189189189,0.9444694044
Myiothlypis fulvicauda,39,0.9710087842,0.8787878788,0.9225995125
Bucco macrodactylus,39,0.9604519774,0.9189189189,0.9392265193
Sporophila schistacea,39,0.8636363636,0.8260869565,0.8444444444
Asthenes urubambensis,39,0.8537755718,0.7857142857,0.8183321909
Buteo nitidus,39,0.7886435331,0.7777777778,0.7831729693
Odontorchilus branickii,39,0.6731616245,0.5714285714,0.6181372579
Calidris pusilla,39,0.5544354839,0.6875,0.6138392857
Catamblyrhynchus diadema,38,1,0.8947368421,0.9444444444
Panyptila cayennensis,38,1,0.5151515152,0.68
Pionites leucogaster,38,0.9545454545,0.7,0.8076923077
Premnornis guttuliger,38,0.9358575228,0.9166666667,0.9261626928
Buteo platypterus,38,0.9333333333,0.7368421053,0.8235294118
Pyrrhomyias cinnamomeus,38,0.9324492333,0.8709677419,0.9006604844
Antrostomus sericocaudatus,38,0.9251427363,1,0.961115993
Pionus tumultuosus,38,0.9124656495,0.7142857143,0.8013039887
Atlapetes canigenis,38,0.9090909091,0.625,0.7407407407
Scytalopus atratus,38,0.9056306123,0.9117647059,0.9086873071
Xenops rutilans,38,0.9033366999,0.8,0.8485337749
Colaptes rubiginosus,38,0.8711136978,0.76,0.8117722403
Cantorchilus leucotis,38,0.8584805166,0.8461538462,0.8522726126
Spatula discors,38,0.8473427332,0.7575757576,0.7999488033
Platyrinchus coronatus,38,0.7619047619,0.7272727273,0.7441860465
Sporophila ruficollis,38,0.6086956522,0.875,0.7179487179
Veniliornis passerinus,37,0.9714904906,0.9285714286,0.9495462265
Leptopogon taczanowskii,37,0.9655172414,0.9655172414,0.9655172414
Euphonia chrysopasta,37,0.9652509653,0.7407407407,0.8382229673
Trogon personatus,37,0.9642857143,0.9310344828,0.9473684211
Micrastur buckleyi,37,0.9245658641,0.9393939394,0.931920922
Sternula superciliaris,37,0.9221379473,0.9705882353,0.9457429725
Turdus leucops,37,0.9213759214,0.2571428571,0.4020729092
Hypocnemis subflava,37,0.8002133902,1,0.8890205956
Ceratopipra chloromeros,37,0.8,0.7272727273,0.7619047619
Deconychura longicauda,37,0.7647058824,0.5416666667,0.6341463415
Myioborus melanocephalus,37,0.7536311318,0.4074074074,0.5288970093
Andigena hypoglauca,36,1,1,1
Cinnycerthia fulva,36,1,0.8823529412,0.9375
Myiozetetes cayanensis,36,1,0.8484848485,0.9180327869
Rynchops niger,36,0.9718363956,0.9714285714,0.9716324407
Phlegopsis nigromaculata,36,0.9618336173,0.8214285714,0.8861037028
Hirundinea ferruginea,36,0.9195772244,0.7407407407,0.8205275479
Buteogallus schistaceus,36,0.8693972179,0.8571428571,0.863226549
Dichrozona cincta,36,0.8668388974,0.9230769231,0.8940744286
Ochthoeca cinnamomeiventris,36,0.7543878261,0.9090909091,0.8245456946
Rupornis magnirostris,36,0.6929671478,0.7727272727,0.7306770179
Aburria aburri,36,0.6,0.8181818182,0.6923076923
Xolmis cinereus,36,0.4293452025,0.6875,0.5285868195
Pulsatrix perspicillata,35,1,1,1
Cyanocorax cyanomelas,35,1,0.9696969697,0.9846153846
Heliodoxa leadbeateri,35,1,0.8620689655,0.9259259259
Attila spadiceus,35,1,0.8529411765,0.9206349206
Crotophaga ani,35,0.9757457485,0.875,0.9226308159
Automolus subulatus,35,0.9666666667,0.90625,0.935483871
Zentrygon frenata,35,0.9493744857,0.9705882353,0.9598641647
Setophaga palmarum,35,0.9349501912,0.7407407407,0.8265912096
Todirostrum cinereum,35,0.9259259259,0.9615384615,0.9433962264
Buteo brachyurus,35,0.9259259259,0.7692307692,0.8403361345
Myiothlypis bivittata,35,0.9152382773,0.962962963,0.9384942832
Myioborus miniatus,35,0.9109311741,0.8571428571,0.883218842
Hylophylax naevius,35,0.9032258065,0.9333333333,0.9180327869
Iridosornis jelskii,35,0.8666666667,0.5416666667,0.6666666667
Anabacerthia striaticollis,35,0.8376465912,0.8,0.8183905814
Picumnus rufiventris,35,0.7045862157,0.88,0.7825839499
Phalacrocorax brasilianus,35,0.5714285714,0.8421052632,0.6808510638
Hypocnemis peruviana,35,0.4304946775,1,0.6018822499
Automolus infuscatus,34,1,0.9696969697,0.9846153846
Euphonia laniirostris,34,1,0.4545454545,0.625
Asthenes helleri,34,0.9720349712,0.8461538462,0.9047367596
Phaethornis ruber,34,0.9431110114,0.9393939394,0.9412488056
Atticora fasciata,34,0.9290821036,0.59375,0.7244954945
Galbula leucogastra,34,0.9221311475,0.9,0.9109311741
Chamaeza campanisona,34,0.92,0.9583333333,0.9387755102
Myrmelastes brunneiceps,34,0.8965517241,0.8965517241,0.8965517241
Synallaxis hypospodia,34,0.8148148148,0.88,0.8461538462
Sporophila caerulescens,34,0.7592000281,0.8571428571,0.8052040037
Tringa melanoleuca,34,0.7128739339,0.8888888889,0.7912104215
Geotrygon saphirina,33,0.9681143472,0.78125,0.8647018958
Pheugopedius genibarbis,33,0.962962963,0.962962963,0.962962963
Malacoptila fulvogularis,33,0.96,0.96,0.96
Arremon brunneinucha,33,0.9356334322,0.9655172414,0.950340468
Ramphotrigon megacephalum,33,0.9274089672,0.7419354839,0.8243686561
Lathrotriccus euleri,33,0.9130434783,0.724137931,0.8076923077
Tityra cayana,33,0.8823529412,0.7894736842,0.8333333333
Epinecrophylla amazonica,33,0.8695652174,0.8695652174,0.8695652174
Sicalis flaveola,33,0.7922627231,0.6923076923,0.7389202585
Buteogallus solitarius,33,0.7857142857,0.6111111111,0.6875
Chloroceryle aenea,33,0.7704707898,0.9130434783,0.8357200686
Crypturellus atrocapillus,33,0.75,1,0.8571428571
Taraba major,33,0.7333333333,0.9166666667,0.8148148148
Myiozetetes luteiventris,33,0.4444444444,0.4210526316,0.4324324324
Myiobius atricaudus,32,1,1,1
Schiffornis major,32,1,1,1
Phleocryptes melanops,32,0.9796238245,1,0.9897070467
Phyllomyias burmeisteri,32,0.9777187073,0.8275862069,0.8964098087
Myiothlypis luteoviridis,32,0.9563886764,0.7142857143,0.8177952241
Pyrocephalus rubinus,32,0.9526822793,0.6071428571,0.7416398511
Myiozetetes similis,32,0.9452067867,0.9285714286,0.9368152635
Ara severus,32,0.8759436163,0.84,0.8575953554
Platyrinchus mystaceus,32,0.8613264427,0.8888888889,0.8748906387
Nyctibius grandis,32,0.8333333333,0.8695652174,0.8510638298
Leptotila rufaxilla,32,0.8195304877,0.8148148148,0.817165848
Machaeropterus pyrocephalus,32,0.8,0.8,0.8
Myrmelastes hyperythrus,32,0.786163522,0.8947368421,0.8369436786
Sublegatus modestus,32,0.7617742993,0.7916666667,0.7764328784
Campephilus rubricollis,32,0.7518493268,0.95,0.8393890683
Megascops choliba,32,0.7307692308,0.95,0.8260869565
Poecilotriccus plumbeiceps,32,0.6958603373,0.9285714286,0.7955471458
Berlepschia rikeri,32,0.5909090909,1,0.7428571429
Crotophaga major,32,0.2777777778,1,0.4347826087
Calidris fuscicollis,31,1,0.9333333333,0.9655172414
Chroicocephalus serranus,31,0.9802595998,0.9666666667,0.9734156821
Doryfera johannae,31,0.97075214,1,0.9851590368
Notharchus ordii,31,0.9662956092,1,0.9828589401
Petrochelidon pyrrhonota,31,0.9401404727,0.6666666667,0.7801313546
Certhiaxis cinnamomeus,31,0.9217981698,0.88,0.9004142673
Troglodytes solstitialis,31,0.8856275304,1,0.9393451422
Celeus flavus,31,0.8577134648,0.85,0.8538393122
Polioptila plumbea,31,0.7918910358,0.3846153846,0.5177591384
Pachyramphus minor,31,0.5665588631,0.8461538462,0.6786885372
Tinamus osgoodi,31,0.2727272727,1,0.4285714286
Diglossa glauca,30,1,0.7692307692,0.8695652174
Myiothlypis coronata,30,0.9787472036,0.9333333333,0.9555009555
Caracara plancus,30,0.9745874555,0.8518518519,0.909095775
Myrmoborus lophotes,30,0.9685072184,1,0.9840016936
Schiffornis aenea,30,0.9634718499,0.7931034483,0.8700257225
Saltator grossus,30,0.9630786414,0.8571428571,0.9070280502
Ceratopipra rubrocapilla,30,0.9611493323,0.8260869565,0.8885147774
Metopothrix aurantiaca,30,0.9586121426,0.8181818182,0.8828474692
Hemitriccus iohannis,30,0.935607379,0.875,0.9042893188
Euphonia cyanocephala,30,0.9090909091,1,0.9523809524
Phaetusa simplex,30,0.9089004514,1,0.9522764277
Pipile cumanensis,30,0.8941449473,0.5185185185,0.6563923038
Aulacorhynchus prasinus,30,0.8888888889,1,0.9411764706
Tringa solitaria,30,0.8030373214,0.8,0.8015157832
Setophaga petechia,30,0.4617214729,0.1578947368,0.235317893
Pachyramphus polychopterus,30,0.4517082786,1,0.6223127404
Primolius couloni,29,1,0.8928571429,0.9433962264
Tangara chilensis,29,1,0.7857142857,0.88
Myiornis ecaudatus,29,0.9780389504,0.9615384615,0.969718519
Emberizoides herbicola,29,0.965389016,0.9642857143,0.9648370497
Chaetura brachyura,29,0.9523809524,0.8695652174,0.9090909091
Oneillornis salvini,29,0.9473684211,0.7826086957,0.8571428571
Cacicus cela,29,0.9444444444,0.6538461538,0.7727272727
Thamnophilus doliatus,29,0.9301690361,0.875,0.9017414882
Cardellina canadensis,29,0.9102318333,0.88,0.8948606526
Tachyphonus rufus,29,0.9031603249,0.9583333333,0.9299291898
Akletos goeldii,29,0.8695652174,1,0.9302325581
Buteogallus urubitinga,29,0.8627976053,0.9375,0.8985989345
Chondrohierax uncinatus,29,0.8460180969,0.8888888889,0.8669238089
Anhima cornuta,29,0.8075872413,1,0.8935527126
Pachyramphus castaneus,29,0.7081349772,0.7619047619,0.7340364982
Aramides cajaneus,29,0.56,1,0.7179487179
Myrmotherula longicauda,29,0.4695714881,0.6363636364,0.5403901424
Rhynchotus rufescens,29,0.4075070438,0.8,0.5399647757
Coeligena coeligena,28,1,1,1
Catharus dryas,28,1,0.8571428571,0.9230769231
Galbalcyrhynchus purusianus,28,1,0.6,0.75
Myrmoborus leucophrys,28,0.9713996993,0.9090909091,0.9392130243
Willisornis poecilinotus,28,0.9523809524,0.8695652174,0.9090909091
Thamnophilus caerulescens,28,0.95,1,0.9743589744
Thripadectes holostictus,28,0.9394081729,0.9230769231,0.9311709475
Euphonia rufiventris,28,0.9375,0.8823529412,0.9090909091
Dacnis cayana,28,0.92,0.8846153846,0.9019607843
Brachygalba albogularis,28,0.9130434783,0.9545454545,0.9333333333
Pachyramphus validus,28,0.9130434783,0.875,0.8936170213
Elaenia chiriquensis,28,0.9118306677,0.68,0.7790336832
Micrastur mirandollei,28,0.8949649615,1,0.9445715142
Campylorhamphus trochilirostris,28,0.8625470787,0.9565217391,0.907107003
Pardirallus nigricans,28,0.8525051218,0.85,0.8512507179
Myrmelastes humaythae,28,0.8191981496,0.8095238095,0.8143322476
Cercomacroides nigrescens,28,0.8096708033,0.8947368421,0.8500810233
Serpophaga hypoleuca,28,0.7859318204,0.5882352941,0.6728626099
Anhinga anhinga,28,0.7857142857,0.7333333333,0.7586206897
Falco rufigularis,28,0.6818181818,0.9375,0.7894736842
Heliodoxa aurescens,27,1,1,1
Myiotheretes fumigatus,27,1,0.9565217391,0.9777777778
Buteo albonotatus,27,1,0.8,0.8888888889
Chloroceryle amazona,27,1,0.6086956522,0.7567567568
Pteroglossus inscriptus,27,0.9771986971,0.96,0.9685230024
Diopsittaca nobilis,27,0.9664821961,0.7692307692,0.8566483722
Epinecrophylla ornata,27,0.9545454545,0.9130434783,0.9333333333
Mesembrinibis cayennensis,27,0.9433962264,0.6956521739,0.8008008008
Chrysuronia oenone,27,0.9285714286,0.619047619,0.7428571429
Arremon taciturnus,27,0.9196573738,0.95,0.934582472
Tityra semifasciata,27,0.9115770283,0.7272727273,0.8090614887
Atlapetes melanolaemus,27,0.9110406742,0.6363636364,0.7493234345
Vireo leucophrys,27,0.877763329,0.8181818182,0.8469259724
Syndactyla rufosuperciliata,27,0.875,0.9130434783,0.8936170213
Hemitriccus flammulatus,27,0.875,0.875,0.875
Colaptes rivolii,27,0.8585858586,1,0.9239130435
Pharomachrus antisianus,27,0.8506156837,1,0.9192785852
Dacnis lineata,27,0.8392226148,0.8636363636,0.8512544803
Ampelioides tschudii,27,0.8300626798,0.7272727273,0.7752754432
Onychorhynchus coronatus,27,0.8125,0.8666666667,0.8387096774
Pipraeidea melanonota,27,0.8095604024,0.8888888889,0.8473720708
Neopelma sulphureiventer,27,0.7864459073,0.8125,0.7992606839
Casiornis rufus,27,0.5681795763,0.8888888889,0.6932392325
Phyllomyias griseiceps,26,1,0.92,0.9583333333
Coereba flaveola,26,0.9528346832,0.64,0.7656967841
Thalurania furcata,26,0.9460754513,0.6,0.734304746
Drymophila striaticeps,26,0.9444444444,0.7727272727,0.85
Pyrrhura roseifrons,26,0.9444444444,0.7391304348,0.8292682927
Euphonia chlorotica,26,0.9369260108,0.4,0.5606449441
Tolmomyias flaviventris,26,0.906524458,0.7826086957,0.8400213117
Steatornis caripensis,26,0.8571428571,0.9230769231,0.8888888889
Thamnophilus schistaceus,26,0.8440510229,0.7692307692,0.8049059015
Patagioenas plumbea,26,0.772338403,0.7647058824,0.7685031922
Conothraupis speculigera,26,0.7142857143,0.9375,0.8108108108
Trogon viridis,26,0.6818181818,0.9375,0.7894736842
Aramus guarauna,25,1,1,1
Touit huetii,25,1,0.9583333333,0.9787234043
Hydropsalis maculicaudus,25,1,0.9444444444,0.9714285714
Ara ararauna,25,1,0.9166666667,0.9565217391
Crypturellus parvirostris,25,1,0.9166666667,0.9565217391
Cnemotriccus fuscatus,25,1,0.8333333333,0.9090909091
Cranioleuca curtata,25,1,0.6956521739,0.8205128205
Tangara schrankii,25,0.9615493486,1,0.980397816
Chloropipo unicolor,25,0.9411764706,0.8888888889,0.9142857143
Troglodytes aedon,25,0.9411764706,0.7619047619,0.8421052632
Opisthocomus hoazin,25,0.9307627196,1,0.964139933
Herpsilochmus motacilloides,25,0.9285714286,0.6842105263,0.7878787879
Diglossa brunneiventris,25,0.9250402617,0.9523809524,0.9385115272
Sclerurus mexicanus,25,0.9212730318,1,0.9590235397
Grallaria erythroleuca,25,0.8918024773,0.8823529412,0.8870525441
Setopagis parvula,25,0.8499546691,0.9375,0.8915834522
Myiarchus cephalotes,25,0.8288230904,0.5294117647,0.646116087
Cyanocorax yncas,25,0.7894736842,0.8333333333,0.8108108108
Lanio versicolor,25,0.761723735,0.6,0.67125839
Amazilia chionogaster,25,0.7239516623,0.8666666667,0.7889067573
Geranospiza caerulescens,25,0.5714285714,0.6153846154,0.5925925926
Brotogeris sanctithomae,24,1,0.9166666667,0.9565217391
Passer domesticus,24,1,0.9166666667,0.9565217391
Pygiptila stellaris,24,1,0.8695652174,0.9302325581
Tityra inquisitor,24,1,0.75,0.8571428571
Mionectes olivaceus,24,0.9566326531,1,0.9778357236
Accipiter collaris,24,0.9109611399,0.7142857143,0.8007233201
Ramphotrigon fuscicauda,24,0.8967001435,0.8333333333,0.8638562543
Ochthornis littoralis,24,0.8935706792,0.875,0.8841878399
Todirostrum maculatum,24,0.8855298882,0.9523809524,0.9177396201
Epinecrophylla haematonota,24,0.8823529412,0.7894736842,0.8333333333
Psittacara leucophthalmus,24,0.8408660921,0.8421052632,0.8414852214
Porphyrio martinica,24,0.8369601607,1,0.9112447603
Polytmus theresiae,24,0.7930692243,1,0.8845940955
Nyctibius leucopterus,24,0.7058521561,1,0.8275654529
Jabiru mycteria,24,0.5,0.125,0.2
Pyrilia barrabandi,23,1,1,1
Myrmotherula longipennis,23,1,0.9545454545,0.976744186
Riparia riparia,23,1,0.9545454545,0.976744186
Podilymbus podiceps,23,1,0.7142857143,0.8333333333
Phlogophilus harterti,23,1,0.6,0.75
Chlorophanes spiza,23,0.9597577339,1,0.9794656934
Tringa flavipes,23,0.9251489536,0.9,0.9124012115
Thraupis palmarum,23,0.9222856887,0.8571428571,0.8885218709
Eutoxeres condamini,23,0.9,0.4285714286,0.5806451613
Saltator coerulescens,23,0.8871747796,0.55,0.6790351956
Aulacorhynchus derbianus,23,0.8636657106,0.85,0.8567783663
Laniocera hypopyrra,23,0.7777777778,0.9333333333,0.8484848485
Thlypopsis sordida,23,0.7522739635,1,0.8586259674
Coccycua minuta,23,0.7126235544,0.9,0.7954258106
Chordeiles rupestris,23,0.3151058805,0.2666666667,0.2888697145
Egretta caerulea,22,1,0.9230769231,0.96
Chaetura cinereiventris,22,1,0.8095238095,0.8947368421
Phaethornis philippii,22,1,0.8095238095,0.8947368421
Jacamerops aureus,22,1,0.6923076923,0.8181818182
Tigrisoma fasciatum,22,1,0.6818181818,0.8108108108
Myrmotherula grisea,22,1,0.35,0.5185185185
Epinecrophylla erythrura,22,0.9629369577,0.9523809524,0.9576298661
Icterus croconotus,22,0.9423983547,0.8,0.8653803899
Ammodramus aurifrons,22,0.9375,0.7894736842,0.8571428571
Conirostrum speciosum,22,0.9368911538,0.5789473684,0.715657585
Adelomyia melanogenys,22,0.931766055,0.619047619,0.7438773175
Myiotheretes striaticollis,22,0.9285714286,0.9285714286,0.9285714286
Tangara callophrys,22,0.9257365613,0.7619047619,0.8358684806
Amaurolimnas concolor,22,0.9251103869,1,0.9610985356
Sporophila lineola,22,0.8896148585,0.8333333333,0.8605548547
Leptodon cayanensis,22,0.8888888889,0.8421052632,0.8648648649
Oreopholus ruficollis,22,0.8877840909,0.9375,0.9119649805
Nothocercus nigrocapillus,22,0.8655510675,0.8571428571,0.8613264427
Zimmerius cinereicapilla,22,0.8640241927,1,0.9270525523
Myiodynastes chrysocephalus,22,0.8,0.4444444444,0.5714285714
Trogon melanurus,22,0.75,1,0.8571428571
Nyctibius aethereus,22,0.6923076923,1,0.8181818182
Ocreatus underwoodii,22,0.6280488022,0.7333333333,0.6766198992
Buteogallus meridionalis,22,0.4692213597,0.8333333333,0.6003859982
Oxyura jamaicensis,21,1,0.9,0.9473684211
Psophia leucoptera,21,1,0.7142857143,0.8333333333
Cacicus oseryi,21,0.9513896795,0.65,0.7723333047
Actitis macularius,21,0.9469425235,0.55,0.695842866
Chloroceryle americana,21,0.9386733417,0.75,0.8337965536
Veniliornis affinis,21,0.9339975093,0.8571428571,0.8939213349
Crypturellus undulatus,21,0.9230769231,1,0.96
Pardirallus maculatus,21,0.9181532004,0.3684210526,0.5258413462
Amazona amazonica,21,0.9088940251,0.8888888889,0.8987801517
Xiphorhynchus elegans,21,0.9056679721,0.9473684211,0.9260489863
Sporophila leucoptera,21,0.892149088,0.9375,0.9142624949
Philydor erythrocercum,21,0.8918770582,0.7647058824,0.823410185
Thamnophilus amazonicus,21,0.8888888889,1,0.9411764706
Ortalis guttata,21,0.8501563934,0.9375,0.8916944238
Glaucidium parkeri,20,1,1,1
Limosa haemastica,20,1,1,1
Ibycter americanus,20,1,0.95,0.9743589744
Microbates cinereiventris,20,1,0.9,0.9473684211
Automolus rufipileatus,20,1,0.8823529412,0.9375
Chlorochrysa calliparaea,20,1,0.7222222222,0.8387096774
Euphonia mesochrysa,20,1,0.3,0.4615384615
Synallaxis cherriei,20,0.9582215408,1,0.9786651008
Brotogeris versicolurus,20,0.9573304158,0.7368421053,0.8327385201
Piranga rubra,20,0.9476684641,0.8421052632,0.8917737356
Thripophaga fusciceps,20,0.946969697,0.8947368421,0.9201125785
Contopus cooperi,20,0.9331599278,0.6842105263,0.7895257932
Nonnula ruficapilla,20,0.9285714286,0.7647058824,0.8387096774
Cochlearius cochlearius,20,0.9230769231,0.7058823529,0.8
Rollandia rolland,20,0.8888888889,0.5333333333,0.6666666667
Myrmophylax atrothorax,20,0.8838383838,1,0.9383378016
Cercomacroides fuscicauda,20,0.8786690417,0.7647058824,0.8177359591
Charadrius collaris,20,0.8190224161,0.6470588235,0.7229554088
Tyranneutes stolzmanni,20,0.7782245363,0.7777777778,0.7780010929
Ammodramus humeralis,20,0.7714647338,0.8571428571,0.8120501093
Fluvicola albiventer,20,0.7333333333,0.9166666667,0.8148148148
Tachornis squamata,20,0.7003503576,0.8888888889,0.7834360403
Xenopipo atronitens,20,0.5833333333,0.7777777778,0.6666666667
Automolus melanopezus,19,1,1,1
Hylophylax punctulatus,19,1,0.8947368421,0.9444444444
Bucco capensis,19,1,0.875,0.9333333333
Hylophilus thoracicus,19,1,0.8,0.8888888889
Sittasomus griseicapillus,19,1,0.7647058824,0.8666666667
Buteo swainsoni,19,1,0.5882352941,0.7407407407
Schistochlamys melanopis,19,1,0.5263157895,0.6896551724
Limnodromus griseus,19,0.9587641342,0.9444444444,0.9515504189
Scytalopus bolivianus,19,0.9481668774,1,0.9733939001
Myiobius barbatus,19,0.935828877,0.9333333333,0.9345794393
Thripadectes melanorhynchus,19,0.9166666667,0.8461538462,0.88
Ramphastos vitellinus,19,0.9126654514,1,0.9543388267
Cissopis leverianus,19,0.8985834351,0.7647058824,0.8262567809
Leucopternis melanops,19,0.8892841263,1,0.941397976
Columbina picui,19,0.8823529412,1,0.9375
Thraupis sayaca,19,0.875,0.9333333333,0.9032258065
Dendrocincla fuliginosa,19,0.8141615397,1,0.8975623415
Conirostrum ferrugineiventre,19,0.8032591496,0.5625,0.6616587878
Cacicus koepckeae,19,0.7273482959,0.5,0.5926176769
Athene cunicularia,19,0.6208073945,1,0.7660470906
Leptotila verreauxi,19,0.605724942,0.8181818182,0.696103352
Elaenia parvirostris,19,0.5,0.2142857143,0.3
Coccycua cinerea,19,0.4017711411,0.1818181818,0.2503448761
Creurgops dentatus,19,0.1818181818,0.4,0.25
Formicarius colma,18,1,0.9230769231,0.96
Cercomacra cinerascens,18,1,0.9090909091,0.9523809524
Chamaeza nobilis,18,1,0.8,0.8888888889
Harpagus bidentatus,18,1,0.7857142857,0.88
Sporophila nigricollis,18,1,0.7142857143,0.8333333333
Eupsittula aurea,18,1,0.7058823529,0.8275862069
Turdus nigriceps,18,1,0.6923076923,0.8181818182
Phylloscartes parkeri,18,1,0.4166666667,0.5882352941
Conopias trivirgatus,18,0.9613968295,0.9411764706,0.9511792001
Pteroglossus castanotis,18,0.9535562037,1,0.976226025
Electron platyrhynchum,18,0.9508716323,0.9230769231,0.9367681499
Myiotheretes fuscorufus,18,0.9478771775,0.7058823529,0.8091741998
Cyanerpes nitidus,18,0.9362458816,0.4444444444,0.6027554084
Nystalus chacuru,18,0.9276980686,1,0.9624931246
Neopipo cinnamomea,18,0.9230769231,0.7058823529,0.8
Megascops ingens,18,0.8906392424,0.8888888889,0.8897632048
Lurocalis rufiventris,18,0.8888888889,0.5714285714,0.6956521739
Capsiempis flaveola,18,0.8788633368,0.9285714286,0.9030338464
Notharchus tectus,18,0.8461538462,0.7333333333,0.7857142857
Lepidocolaptes lacrymiger,18,0.8181818182,0.9,0.8571428571
Zimmerius bolivianus,18,0.7857142857,0.9166666667,0.8461538462
Sporophila hypoxantha,18,0.7857142857,0.8461538462,0.8148148148
Picumnus dorbignyanus,18,0.6923076923,1,0.8181818182
Anairetes flavirostris,18,0.5454545455,0.75,0.6315789474
Cyanerpes caeruleus,17,1,1,1
Herpetotheres cachinnans,17,1,0.9411764706,0.9696969697
Spizaetus tyrannus,17,1,0.9375,0.9677419355
Tyrannus albogularis,17,1,0.9333333333,0.9655172414
Cryptopipo holochlora,17,1,0.8823529412,0.9375
Gymnomystax mexicanus,17,1,0.8125,0.8965517241
Chlorophonia cyanea,17,1,0.75,0.8571428571
Anabacerthia ruficaudata,17,1,0.6153846154,0.7619047619
Discosura langsdorffi,17,1,0.6153846154,0.7619047619
Poecilotriccus pulchellus,17,1,0.3,0.4615384615
Pteroglossus beauharnaesii,17,0.9550271176,1,0.9769962872
Pharomachrus pavoninus,17,0.9541984733,1,0.9765625
Knipolegus poecilurus,17,0.946969697,1,0.9727626459
Porphyrolaema porphyrolaema,17,0.9412650602,0.5882352941,0.7240081089
Margarornis squamiger,17,0.9171655878,0.6875,0.7858975059
Thamnomanes schistogynus,17,0.9,0.9,0.9
Chelidoptera tenebrosa,17,0.8952929971,1,0.9447541868
Pluvialis dominica,17,0.8888888889,0.8888888889,0.8888888889
Thamnistes anabatinus,17,0.8858621931,0.4285714286,0.5776712028
Ornithion inerme,17,0.8779038358,0.8666666667,0.8722490607
Xenops minutus,17,0.8741104381,0.9166666667,0.8948828969
Agamia agami,17,0.7178014766,0.5833333333,0.6436189776
Celeus spectabilis,17,0.6702412869,0.9090909091,0.7716049383
Mionectes striaticollis,16,1,1,1
Falco deiroleucus,16,1,0.9375,0.9677419355
Conioptilon mcilhennyi,16,1,0.9285714286,0.962962963
Entomodestes leucotis,16,1,0.9090909091,0.9523809524
Odontophorus stellatus,16,1,0.8666666667,0.9285714286
Polytmus guainumbi,16,1,0.5333333333,0.6956521739
Nemosia pileata,16,1,0.4666666667,0.6363636364
Serpophaga cinerea,16,1,0.4545454545,0.625
Monasa flavirostris,16,0.9590128561,1,0.9790776545
Pachyramphus viridis,16,0.9576633015,1,0.9783738611
Sicalis luteola,16,0.9236459785,1,0.9603076541
Tachycineta albiventer,16,0.9211264182,1,0.958944096
Pseudastur albicollis,16,0.9197939662,0.9090909091,0.9144111192
Patagioenas picazuro,16,0.8888888889,0.7272727273,0.8
Heliomaster longirostris,16,0.8833647433,0.9333333333,0.907661841
Basileuterus tristriatus,16,0.8610993009,0.8333333333,0.8469888224
Euscarthmus meloryphus,16,0.8586147682,1,0.9239297813
Catamenia inornata,16,0.8571428571,0.9230769231,0.8888888889
Setophaga fusca,16,0.8571428571,0.5,0.6315789474
Henicorhina leucophrys,16,0.8434454748,1,0.9150750443
Sporophila hypochroma,16,0.822474647,1,0.9025910438
Herpsilochmus rufimarginatus,16,0.8190322622,0.8,0.8094042658
Automolus ochrolaemus,16,0.779937605,1,0.8763651072
Catharus ustulatus,16,0.7272727273,0.6666666667,0.6956521739
Tyto alba,16,0.6666666667,0.1666666667,0.2666666667
Harpia harpyja,16,0.6346603906,0.8888888889,0.7405635998
Piculus flavigula,16,0.6274542612,0.5,0.5565230296
Chlorospingus flavigularis,15,1,1,1
Galbula dea,15,1,1,1
Synallaxis cabanisi,15,1,1,1
Tyrannus savana,15,1,0.9333333333,0.9655172414
Isleria hauxwelli,15,1,0.7692307692,0.8695652174
Agelasticus xanthophthalmus,15,1,0.7142857143,0.8333333333
Eubucco tucinkae,15,1,0.6666666667,0.8
Taphrospilus hypostictus,15,1,0.2307692308,0.375
Geotrygon montana,15,1,0.1818181818,0.3076923077
Tyrannus melancholicus,15,0.9544879544,1,0.9767140823
Formicivora rufa,15,0.9516776844,1,0.9752406271
Cyphorhinus arada,15,0.9285714286,1,0.962962963
Anthus lutescens,15,0.9167793541,0.7692307692,0.8365488179
Megaceryle torquata,15,0.9166666667,0.9166666667,0.9166666667
Glyphorynchus spirurus,15,0.9090909091,0.8333333333,0.8695652174
Chauna torquata,15,0.8855108291,0.8461538462,0.8653850882
Thraupis episcopus,15,0.7631767231,0.3846153846,0.5114680732
Geotrygon violacea,15,0.7594167679,0.5,0.6029908345
Mazaria propinqua,15,0.7142857143,0.5555555556,0.625
Megascops roraimae,15,0.7088358356,1,0.8296125594
Ictinia plumbea,15,0.6472038099,0.7142857143,0.679092167
Conopophaga ardesiaca,14,1,0.9230769231,0.96
Eupetomena macroura,14,1,0.7857142857,0.88
Furnarius leucopus,14,0.9536122649,1,0.9762554034
Amazona mercenarius,14,0.942842967,1,0.9705807242
Theristicus caudatus,14,0.9133549621,0.7272727273,0.809760994
Microcerculus bambla,14,0.9090909091,0.8333333333,0.8695652174
Cacicus haemorrhous,14,0.8972989898,0.6666666667,0.7649775736
Cinclodes albiventris,14,0.8793527963,0.8333333333,0.8557247989
Cacicus solitarius,14,0.8787346221,0.4,0.5497526113
Thlypopsis ruficeps,14,0.8630357014,0.6923076923,0.7683014018
Tangara mexicana,14,0.8529662419,0.6153846154,0.7149548762
Empidonomus varius,14,0.8472903055,0.75,0.7956821962
Theristicus branickii,14,0.8272887844,0.75,0.786750777
Progne chalybea,14,0.7902201477,0.9090909091,0.8454978852
Iridophanes pulcherrimus,14,0.7668711656,1,0.8680555556
Tyrannulus elatus,14,0.7336495499,0.8333333333,0.7803207443
Zimmerius gracilipes,13,1,0.9230769231,0.96
Dromococcyx phasianellus,13,1,0.9166666667,0.9565217391
Chlorothraupis carmioli,13,1,0.5833333333,0.7368421053
Camptostoma obsoletum,13,1,0.5,0.6666666667
Discosura popelairii,13,1,0.2222222222,0.3636363636
Chordeiles minor,13,0.9479728977,1,0.9732916703
Aratinga weddellii,13,0.9320964226,0.8461538462,0.8870483383
Dubusia taeniata,13,0.9314801478,0.8181818182,0.8711626997
Ramphastos toco,13,0.9261199593,1,0.961643074
Glaucidium brasilianum,13,0.9237487403,0.9166666667,0.9201940773
Campylopterus largipennis,13,0.9176182708,0.8181818182,0.8650519031
Mimus triurus,13,0.8755654694,0.5833333333,0.7001808801
Myrmotherula axillaris,13,0.8213206865,0.8,0.8105201576
Habia rubica,13,0.5055718228,0.5714285714,0.5364866828
Turdus hauxwelli,13,0.5,1,0.6666666667
Xenopsaris albinucha,13,0.3857859317,1,0.5567756503
Amazona aestiva,12,1,1,1
Inezia inornata,12,1,1,1
Pauxi koepckeae,12,1,1,1
Heliodoxa schreibersii,12,1,0.8181818182,0.9
Selenidera reinwardtii,12,1,0.7272727273,0.8421052632
Columba livia,12,1,0.5833333333,0.7368421053
Galbula cyanicollis,12,1,0.5714285714,0.7272727273
Tinamus guttatus,12,1,0.4545454545,0.625
Megarynchus pitangua,12,0.9517766497,1,0.9752925878
Volatinia jacarina,12,0.9209369254,1,0.9588414
Ardea alba,12,0.9204718697,1,0.9585892761
Leistes superciliaris,12,0.8888888889,0.8,0.8421052632
Hemithraupis guira,12,0.884774143,0.625,0.7325384952
Anas flavirostris,12,0.8254230293,1,0.9043635541
Calidris alba,12,0.8028307217,0.9,0.848642957
Ictinia mississippiensis,12,0.7777777778,0.7777777778,0.7777777778
Gnorimopsar chopi,12,0.75,0.375,0.5
Campylorhynchus turdinus,12,0.7016840417,0.875,0.7788161994
Klais guimeti,11,1,1,1
Phylloscartes ventralis,11,1,0.8181818182,0.9
Colonia colonus,11,1,0.8,0.8888888889
Falco peregrinus,11,1,0.8,0.8888888889
Conirostrum albifrons,11,1,0.7272727273,0.8421052632
Dendroplex picus,11,1,0.7272727273,0.8421052632
Bolborhynchus lineola,11,0.9461229566,1,0.9723157043
Streptoprocne rutila,11,0.9421870123,1,0.970233048
Laterallus melanophaius,11,0.9160525486,0.8181818182,0.8643555382
Arenaria interpres,11,0.9076763485,0.7777777778,0.8377213978
Nephelomyias pulcher,11,0.8880791236,0.7777777778,0.8292767604
Myrmelastes leucostigma,11,0.8483418158,1,0.9179490596
Amazilia viridicauda,11,0.8425802616,1,0.9145656004
Vanellus chilensis,11,0.786880946,1,0.8807312516
Elaenia spectabilis,11,0.7259972559,1,0.8412496062
Pipreola pulchra,11,0.6901840491,0.8571428571,0.7646559048
Butorides striata,11,0.6666666667,0.8571428571,0.75
Heterocercus linteatus,11,0,0,
Aglaiocercus kingii,10,1,0.9,0.9473684211
Contopus sordidulus,10,1,0.9,0.9473684211
Colaptes rupicola,10,1,0.8888888889,0.9411764706
Myiarchus tuberculifer,10,1,0.75,0.8571428571
Bartramia longicauda,10,1,0.7,0.8235294118
Phaethornis stuarti,10,1,0.4,0.5714285714
Contopus cinereus,10,0.925412403,1,0.9612614955
Bubulcus ibis,10,0.917501338,1,0.956975956
Doryfera ludovicae,10,0.8922928208,0.5555555556,0.6847653965
Brotogeris cyanoptera,10,0.8681785433,0.75,0.8047738739
Piranga flava,10,0.8169934641,0.4285714286,0.5622188906
Anthracothorax nigricollis,10,0.8080112822,0.6666666667,0.7305651903
Rostrhamus sociabilis,10,0.8,1,0.8888888889
Spatula puna,10,0.3054607472,1,0.467973852
Amazona farinosa,9,1,1,1
Celeus elegans,9,1,1,1
Conopias cinchoneti,9,1,1,1
Dendrocincla merula,9,1,1,1
Euchrepomis callinota,9,1,1,1
Leptopogon superciliaris,9,1,0.7142857143,0.8333333333
Coeligena violifer,9,1,0.6666666667,0.8
Megascops centralis,9,1,0.6666666667,0.8
Myiophobus inornatus,9,1,0.625,0.7692307692
Snowornis subalaris,9,1,0.6,0.75
Chlorospingus parvirostris,9,1,0.2222222222,0.3636363636
Momotus momota,9,0.9036144578,1,0.9493670886
Coccyzus americanus,9,0.884173298,1,0.9385265134
Lurocalis semitorquatus,9,0.8705430012,0.5,0.6351810928
Microxenops milleri,9,0.811168209,1,0.8957403348
Poecilotriccus albifacies,9,0.8012820513,1,0.8896797153
Calidris melanotos,9,0.6268806419,1,0.7706535142
Elaenia cristata,9,0.5075981092,0.5,0.5037704066
Campephilus haematogaster,9,0.3333333333,0.3333333333,0.3333333333
Leptosittaca branickii,8,1,1,1
Crax globulosa,8,1,0.875,0.9333333333
Pseudocolopteryx acutipennis,8,1,0.8333333333,0.9090909091
Tangara arthus,8,1,0.75,0.8571428571
Calidris subruficollis,8,1,0.7142857143,0.8333333333
Coccyzus melacoryphus,8,1,0.6666666667,0.8
Melanerpes candidus,8,1,0.625,0.7692307692
Crypturellus bartletti,8,0.9124087591,1,0.9541984733
Monasa morphoeus,8,0.9061610863,0.875,0.8903079644
Querula purpurata,8,0.9030437412,1,0.9490520072
Eucometis penicillata,8,0.796460177,1,0.8866995074
Nyctibius bracteatus,8,0.751503006,1,0.8581235698
Heliornis fulica,8,0.6796748888,0.3333333333,0.4472980403
Amazonetta brasiliensis,8,0.6662841702,0.4285714286,0.5216219545
Porphyrio flavirostris,8,0.25,0.5,0.3333333333
Gampsonyx swainsonii,7,1,1,1
Plegadis ridgwayi,7,1,1,1
Schistes geoffroyi,7,1,1,1
Sublegatus obscurior,7,1,0.8571428571,0.9230769231
Malacoptila semicincta,7,1,0.8333333333,0.9090909091
Micromonacha lanceolata,7,1,0.8,0.8888888889
Heliothryx auritus,7,1,0.6,0.75
Hemithraupis flavicollis,7,1,0.5,0.6666666667
Hylopezus berlepschi,7,0.9225092251,0.8571428571,0.8886255924
Myiophobus fasciatus,7,0.9071117562,1,0.9512937595
Odontophorus balliviani,7,0.8919469929,1,0.942887931
Elaenia pallatangae,7,0.8873137895,1,0.9402928061
Cyanerpes cyaneus,7,0.8600848936,0.8571428571,0.8586113551
Sporophila luctuosa,7,0.8333333333,1,0.9090909091
Pitangus sulphuratus,7,0.8255188515,0.5714285714,0.6753655152
Formicarius rufipectus,7,0.7702237215,0.75,0.7599773414
Tigrisoma lineatum,7,0.4397033834,0.5,0.4679172079
Grallaricula flavirostris,7,0.3411307775,0.5,0.4055621154
Dacnis flaviventer,6,1,1,1
Elanoides forficatus,6,1,1,1
Haplophaedia assimilis,6,1,1,1
Claravis pretiosa,6,1,0.8333333333,0.9090909091
Dolichonyx oryzivorus,6,1,0.8333333333,0.9090909091
Chlorostilbon mellisugus,6,1,0.8,0.8888888889
Contopus fumigatus,6,1,0.6666666667,0.8
Diglossa caerulescens,6,1,0.6666666667,0.8
Epinecrophylla leucophthalma,6,1,0.5,0.6666666667
Aramides calopterus,6,1,0.3333333333,0.5
Eurypyga helias,6,1,0.3333333333,0.5
Leistes militaris,6,1,0.25,0.4
Heliodoxa branickii,6,1,0.1666666667,0.2857142857
Anairetes parulus,6,0.8979885057,1,0.9462528388
Forpus modestus,6,0.8859259587,0.8333333333,0.8588252344
Nycticorax nycticorax,6,0.881716776,1,0.9371407932
Ixobrychus exilis,6,0.8333333333,1,0.9090909091
Neomorphus geoffroyi,6,0.8038585209,1,0.8912655971
Ardea cocoi,6,0.8,1,0.8888888889
Coryphaspiza melanotis,5,1,1,1
Leucopternis kuhli,5,1,1,1
Parkerthraustes humeralis,5,1,1,1
Colibri cyanotus,5,1,0.8,0.8888888889
Dendrocygna bicolor,5,1,0.8,0.8888888889
Empidonax alnorum,5,1,0.8,0.8888888889
Chloroceryle inda,5,1,0.75,0.8571428571
Lophotriccus eulophotes,5,1,0.75,0.8571428571
Glaucis hirsutus,5,1,0.6,0.75
Metriopelia melanoptera,5,1,0.6,0.75
Platalea ajaja,5,1,0.6,0.75
Stelgidopteryx ruficollis,5,1,0.6,0.75
Netta peposaca,5,1,0.4,0.5714285714
Rhynchocyclus fulvipectus,5,1,0.3333333333,0.5
Calliphlox amethystina,5,1,0.2,0.3333333333
Microcerculus marginatus,5,0.8903133903,1,0.9419743783
Lophotriccus pileatus,5,0.8757818938,1,0.9337779586
Alopochelidon fucata,5,0.8395681471,0.8,0.8193066191
Eubucco richardsoni,5,0.838036376,1,0.9118822532
Tachycineta leucorrhoa,5,0.8152173913,0.75,0.78125
Colaptes punctigula,5,0.7527640555,1,0.858945108
Crypturellus variegatus,5,0.3333333333,0.5,0.4
Piculus chrysochloros,5,0,0,
Columbina talpacoti,4,1,1,1
Euphonia xanthogaster,4,1,1,1
Pyrrhura rupicola,4,1,1,1
Nonnula sclateri,4,1,0.75,0.8571428571
Laterallus exilis,4,1,0.6666666667,0.8
Galbula cyanescens,4,1,0.3333333333,0.5
Oxyruncus cristatus,4,0.8575422779,1,0.92330849
Egretta thula,4,0.8467251142,1,0.9170017862
Jacana jacana,4,0.7536399764,1,0.8595150505
Melanerpes cruentatus,3,1,1,1
Thamnomanes ardesiacus,3,1,1,1
Cephalopterus ornatus,3,1,0.6666666667,0.8
Chaetura egregia,3,1,0.6666666667,0.8
Ixobrychus involucris,3,1,0.6666666667,0.8
Nystalus obamai,3,1,0.6666666667,0.8
Phaethornis koepckeae,3,1,0.6666666667,0.8
Cotinga maynana,3,1,0.5,0.6666666667
Ciconia maguari,3,1,0.3333333333,0.5
Gallinago paraguaiae,3,1,0.3333333333,0.5
Dendrocygna autumnalis,3,0.7114501478,1,0.8314003756
Chaetocercus mulsant,3,0.6666666667,1,0.8
Aglaeactis cupripennis,3,0.6404696778,0.3333333333,0.4384662815
Formicarius analis,3,0.5561445281,1,0.7147723338
Leptopogon amaurocephalus,3,0.5387931034,0.5,0.5186721992
Lophornis chalybeus,3,0.5,0.5,0.5
Gallinula galeata,2,1,1,1
Morphnus guianensis,2,1,1,1
Turdus sanchezorum,2,1,1,1
Florisuga mellivora,2,1,0.5,0.6666666667
Spatula cyanoptera,2,1,0.5,0.6666666667
Knipolegus aterrimus,2,0.7936507937,1,0.8849557522
Dysithamnus mentalis,2,0.6815664669,1,0.8106328002
Elaenia gigas,2,0.5146349308,1,0.6795497983
Xenops tenuirostris,2,0.3676470588,1,0.5376344086
Agelasticus cyanopus,1,1,1,1
Chordeiles nacunda,1,1,1,1
Geranoaetus albicaudatus,1,1,1,1
Lepidocolaptes fatimalimae,1,1,1,1
Nasica longirostris,1,0.6578977426,1,0.7936529807
Accipiter striatus,1,0.5366546292,1,0.6984713663
Accipiter bicolor,1,0.5292347046,1,0.6921562831
Molothrus oryzivorus,1,0.5268067826,1,0.6900765554
Chaetura viridipennis,1,0,0,